PassengerId,Survived,Pclass,Sex,Age,SibSp,Parch,Ticket,Boarding,Fare,Cabin,Embarked,Deck,Embarked-C,Embarked-Q,Embarked-S,Deck-A,Deck-B,Deck-C,Deck-D,Deck-E,Deck-F,Deck-G,Deck-T,FamilySize,AgeGroup
1,0,3,1,22.0,1,0,A/5,21171,7.25,,S,F,0,0,1,0,0,0,0,0,1,0,0,2,Adult (19-59)
2,1,1,0,38.0,1,0,PC,17599,71.2833,C85,C,C,1,0,0,0,0,1,0,0,0,0,0,2,Adult (19-59)
3,1,3,0,26.0,0,0,STON/O2.,3101282,7.925,,S,F,0,0,1,0,0,0,0,0,1,0,0,1,Adult (19-59)
4,1,1,0,35.0,1,0,,113803,53.1,C123,S,C,0,0,1,0,0,1,0,0,0,0,0,2,Adult (19-59)
5,0,3,1,35.0,0,0,,373450,8.05,,S,F,0,0,1,0,0,0,0,0,1,0,0,1,Adult (19-59)
6,0,3,1,27.08256821393463,0,0,,330877,8.4583,,Q,F,0,1,0,0,0,0,0,0,1,0,0,1,Adult (19-59)
7,0,1,1,54.0,0,0,,17463,51.8625,E46,S,E,0,0,1,0,0,0,0,1,0,0,0,1,Adult (19-59)
8,0,3,1,2.0,3,1,,349909,21.075,,S,F,0,0,1,0,0,0,0,0,1,0,0,5,Child (0-12)
9,1,3,0,27.0,0,2,,347742,11.1333,,S,F,0,0,1,0,0,0,0,0,1,0,0,3,Adult (19-59)
10,1,2,0,14.0,1,0,,237736,30.0708,,C,F,1,0,0,0,0,0,0,0,1,0,0,2,Teen (13-18)
11,1,3,0,4.0,1,1,PP,9549,16.7,G6,S,G,0,0,1,0,0,0,0,0,0,1,0,3,Child (0-12)
12,1,1,0,58.0,0,0,,113783,26.55,C103,S,C,0,0,1,0,0,1,0,0,0,0,0,1,Adult (19-59)
13,0,3,1,20.0,0,0,A/5.,2151,8.05,,S,F,0,0,1,0,0,0,0,0,1,0,0,1,Adult (19-59)
14,0,3,1,39.0,1,5,,347082,31.275,,S,F,0,0,1,0,0,0,0,0,1,0,0,7,Adult (19-59)
15,0,3,0,14.0,0,0,,350406,7.8542,,S,F,0,0,1,0,0,0,0,0,1,0,0,1,Teen (13-18)
16,1,2,0,55.0,0,0,,248706,16.0,,S,F,0,0,1,0,0,0,0,0,1,0,0,1,Adult (19-59)
17,0,3,1,2.0,4,1,,382652,29.125,,Q,F,0,1,0,0,0,0,0,0,1,0,0,6,Child (0-12)
18,1,2,1,29.064327833546265,0,0,,244373,13.0,,S,F,0,0,1,0,0,0,0,0,1,0,0,1,Adult (19-59)
19,0,3,0,31.0,1,0,,345763,18.0,,S,F,0,0,1,0,0,0,0,0,1,0,0,2,Adult (19-59)
20,1,3,0,37.52592122846927,0,0,,2649,7.225,,C,F,1,0,0,0,0,0,0,0,1,0,0,1,Adult (19-59)
21,0,2,1,35.0,0,0,,239865,26.0,,S,F,0,0,1,0,0,0,0,0,1,0,0,1,Adult (19-59)
22,1,2,1,34.0,0,0,,248698,13.0,D56,S,D,0,0,1,0,0,0,1,0,0,0,0,1,Adult (19-59)
23,1,3,0,15.0,0,0,,330923,8.0292,,Q,F,0,1,0,0,0,0,0,0,1,0,0,1,Teen (13-18)
24,1,1,1,28.0,0,0,,113788,35.5,A6,S,A,0,0,1,1,0,0,0,0,0,0,0,1,Adult (19-59)
25,0,3,0,8.0,3,1,,349909,21.075,,S,F,0,0,1,0,0,0,0,0,1,0,0,5,Child (0-12)
26,1,3,0,38.0,1,5,,347077,31.3875,,S,F,0,0,1,0,0,0,0,0,1,0,0,7,Adult (19-59)
27,0,3,1,32.19169108724196,0,0,,2631,7.225,,C,F,1,0,0,0,0,0,0,0,1,0,0,1,Adult (19-59)
28,0,1,1,19.0,3,2,,19950,263.0,C23 C25 C27,S,C,0,0,1,0,0,1,0,0,0,0,0,6,Adult (19-59)
29,1,3,0,10.918055550634232,0,0,,330959,7.8792,,Q,F,0,1,0,0,0,0,0,0,1,0,0,1,Child (0-12)
30,0,3,1,65.32444247408355,0,0,,349216,7.8958,,S,F,0,0,1,0,0,0,0,0,1,0,0,1,Senior (60+)
31,0,1,1,40.0,0,0,PC,17601,27.7208,,C,C,1,0,0,0,0,1,0,0,0,0,0,1,Adult (19-59)
32,1,1,0,19.433520689982203,1,0,PC,17569,146.5208,B78,C,B,1,0,0,0,1,0,0,0,0,0,0,2,Adult (19-59)
33,1,3,0,28.02417977126696,0,0,,335677,7.75,,Q,F,0,1,0,0,0,0,0,0,1,0,0,1,Adult (19-59)
34,0,2,1,66.0,0,0,C.A.,0,10.5,,S,F,0,0,1,0,0,0,0,0,1,0,0,1,Senior (60+)
35,0,1,1,28.0,1,0,PC,17604,82.1708,,C,C,1,0,0,0,0,1,0,0,0,0,0,2,Adult (19-59)
36,0,1,1,42.0,1,0,,113789,52.0,,S,C,0,0,1,0,0,1,0,0,0,0,0,2,Adult (19-59)
37,1,3,1,24.581474492580774,0,0,,2677,7.2292,,C,F,1,0,0,0,0,0,0,0,1,0,0,1,Adult (19-59)
38,0,3,1,21.0,0,0,A./5.,2152,8.05,,S,F,0,0,1,0,0,0,0,0,1,0,0,1,Adult (19-59)
39,0,3,0,18.0,2,0,,345764,18.0,,S,F,0,0,1,0,0,0,0,0,1,0,0,3,Teen (13-18)
40,1,3,0,14.0,1,0,,2651,11.2417,,C,F,1,0,0,0,0,0,0,0,1,0,0,2,Teen (13-18)
41,0,3,0,40.0,1,0,,7546,9.475,,S,F,0,0,1,0,0,0,0,0,1,0,0,2,Adult (19-59)
42,0,2,0,27.0,1,0,,11668,21.0,,S,F,0,0,1,0,0,0,0,0,1,0,0,2,Adult (19-59)
43,0,3,1,47.43031405570983,0,0,,349253,7.8958,,C,F,1,0,0,0,0,0,0,0,1,0,0,1,Adult (19-59)
44,1,2,0,3.0,1,2,SC/Paris,2123,41.5792,,C,F,1,0,0,0,0,0,0,0,1,0,0,4,Child (0-12)
45,1,3,0,19.0,0,0,,330958,7.8792,,Q,F,0,1,0,0,0,0,0,0,1,0,0,1,Adult (19-59)
46,0,3,1,25.229838296078068,0,0,S.C./A.4.,23567,8.05,,S,F,0,0,1,0,0,0,0,0,1,0,0,1,Adult (19-59)
47,0,3,1,20.923778343159476,1,0,,370371,15.5,,Q,F,0,1,0,0,0,0,0,0,1,0,0,2,Adult (19-59)
48,1,3,0,39.47699443915122,0,0,,14311,7.75,,Q,F,0,1,0,0,0,0,0,0,1,0,0,1,Adult (19-59)
49,0,3,1,8.772669099361899,2,0,,2662,21.6792,,C,F,1,0,0,0,0,0,0,0,1,0,0,3,Child (0-12)
50,0,3,0,18.0,1,0,,349237,17.8,,S,F,0,0,1,0,0,0,0,0,1,0,0,2,Teen (13-18)
51,0,3,1,7.0,4,1,,3101295,39.6875,,S,F,0,0,1,0,0,0,0,0,1,0,0,6,Child (0-12)
52,0,3,1,21.0,0,0,A/4.,39886,7.8,,S,F,0,0,1,0,0,0,0,0,1,0,0,1,Adult (19-59)
53,1,1,0,49.0,1,0,PC,17572,76.7292,D33,C,D,1,0,0,0,0,0,1,0,0,0,0,2,Adult (19-59)
54,1,2,0,29.0,1,0,,2926,26.0,,S,F,0,0,1,0,0,0,0,0,1,0,0,2,Adult (19-59)
55,0,1,1,65.0,0,1,,113509,61.9792,B30,C,B,1,0,0,0,1,0,0,0,0,0,0,2,Senior (60+)
56,1,1,1,40.267517879562035,0,0,,19947,35.5,C52,S,C,0,0,1,0,0,1,0,0,0,0,0,1,Adult (19-59)
57,1,2,0,21.0,0,0,C.A.,31026,10.5,,S,F,0,0,1,0,0,0,0,0,1,0,0,1,Adult (19-59)
58,0,3,1,28.5,0,0,,2697,7.2292,,C,F,1,0,0,0,0,0,0,0,1,0,0,1,Adult (19-59)
59,1,2,0,5.0,1,2,C.A.,34651,27.75,,S,F,0,0,1,0,0,0,0,0,1,0,0,4,Child (0-12)
60,0,3,1,11.0,5,2,CA,2144,46.9,,S,F,0,0,1,0,0,0,0,0,1,0,0,8,Child (0-12)
61,0,3,1,22.0,0,0,,2669,7.2292,,C,F,1,0,0,0,0,0,0,0,1,0,0,1,Adult (19-59)
62,1,1,0,38.0,0,0,,113572,80.0,B28,S,B,0,0,1,0,1,0,0,0,0,0,0,1,Adult (19-59)
63,0,1,1,45.0,1,0,,36973,83.475,C83,S,C,0,0,1,0,0,1,0,0,0,0,0,2,Adult (19-59)
64,0,3,1,4.0,3,2,,347088,27.9,,S,F,0,0,1,0,0,0,0,0,1,0,0,6,Child (0-12)
65,0,1,1,39.265095013065014,0,0,PC,17605,27.7208,,C,C,1,0,0,0,0,1,0,0,0,0,0,1,Adult (19-59)
66,1,3,1,18.977166774809497,1,1,,2661,15.2458,,C,F,1,0,0,0,0,0,0,0,1,0,0,3,Adult (19-59)
67,1,2,0,29.0,0,0,C.A.,29395,10.5,F33,S,F,0,0,1,0,0,0,0,0,1,0,0,1,Adult (19-59)
68,0,3,1,19.0,0,0,S.P.,3464,8.1583,,S,F,0,0,1,0,0,0,0,0,1,0,0,1,Adult (19-59)
69,1,3,0,17.0,4,2,,3101281,7.925,,S,F,0,0,1,0,0,0,0,0,1,0,0,7,Teen (13-18)
70,0,3,1,26.0,2,0,,315151,8.6625,,S,F,0,0,1,0,0,0,0,0,1,0,0,3,Adult (19-59)
71,0,2,1,32.0,0,0,C.A.,33111,10.5,,S,F,0,0,1,0,0,0,0,0,1,0,0,1,Adult (19-59)
72,0,3,0,16.0,5,2,CA,2144,46.9,,S,F,0,0,1,0,0,0,0,0,1,0,0,8,Teen (13-18)
73,0,2,1,21.0,0,0,S.O.C.,14879,73.5,,S,F,0,0,1,0,0,0,0,0,1,0,0,1,Adult (19-59)
74,0,3,1,26.0,1,0,,2680,14.4542,,C,F,1,0,0,0,0,0,0,0,1,0,0,2,Adult (19-59)
75,1,3,1,32.0,0,0,,1601,56.4958,,S,F,0,0,1,0,0,0,0,0,1,0,0,1,Adult (19-59)
76,0,3,1,25.0,0,0,,348123,7.65,F G73,S,F,0,0,1,0,0,0,0,0,1,0,0,1,Adult (19-59)
77,0,3,1,28.098717921209463,0,0,,349208,7.8958,,S,F,0,0,1,0,0,0,0,0,1,0,0,1,Adult (19-59)
78,0,3,1,27.32259313749565,0,0,,374746,8.05,,S,F,0,0,1,0,0,0,0,0,1,0,0,1,Adult (19-59)
79,1,2,1,0.83,0,2,,248738,29.0,,S,F,0,0,1,0,0,0,0,0,1,0,0,3,Child (0-12)
80,1,3,0,30.0,0,0,,364516,12.475,,S,F,0,0,1,0,0,0,0,0,1,0,0,1,Adult (19-59)
81,0,3,1,22.0,0,0,,345767,9.0,,S,F,0,0,1,0,0,0,0,0,1,0,0,1,Adult (19-59)
82,1,3,1,29.0,0,0,,345779,9.5,,S,F,0,0,1,0,0,0,0,0,1,0,0,1,Adult (19-59)
83,1,3,0,22.74449688937736,0,0,,330932,7.7875,,Q,F,0,1,0,0,0,0,0,0,1,0,0,1,Adult (19-59)
84,0,1,1,28.0,0,0,,113059,47.1,,S,C,0,0,1,0,0,1,0,0,0,0,0,1,Adult (19-59)
85,1,2,0,17.0,0,0,SO/C,14885,10.5,,S,F,0,0,1,0,0,0,0,0,1,0,0,1,Teen (13-18)
86,1,3,0,33.0,3,0,,3101278,15.85,,S,F,0,0,1,0,0,0,0,0,1,0,0,4,Adult (19-59)
87,0,3,1,16.0,1,3,W./C.,6608,34.375,,S,F,0,0,1,0,0,0,0,0,1,0,0,5,Teen (13-18)
88,0,3,1,30.86801511234016,0,0,SOTON/OQ,3,8.05,,S,F,0,0,1,0,0,0,0,0,1,0,0,1,Adult (19-59)
89,1,1,0,23.0,3,2,,19950,263.0,C23 C25 C27,S,C,0,0,1,0,0,1,0,0,0,0,0,6,Adult (19-59)
90,0,3,1,24.0,0,0,,343275,8.05,,S,F,0,0,1,0,0,0,0,0,1,0,0,1,Adult (19-59)
91,0,3,1,29.0,0,0,,343276,8.05,,S,F,0,0,1,0,0,0,0,0,1,0,0,1,Adult (19-59)
92,0,3,1,20.0,0,0,,347466,7.8542,,S,F,0,0,1,0,0,0,0,0,1,0,0,1,Adult (19-59)
93,0,1,1,46.0,1,0,W.E.P.,5734,61.175,E31,S,E,0,0,1,0,0,0,0,1,0,0,0,2,Adult (19-59)
94,0,3,1,26.0,1,2,C.A.,2315,20.575,,S,F,0,0,1,0,0,0,0,0,1,0,0,4,Adult (19-59)
95,0,3,1,59.0,0,0,,364500,7.25,,S,F,0,0,1,0,0,0,0,0,1,0,0,1,Adult (19-59)
96,0,3,1,41.33480367093615,0,0,,374910,8.05,,S,F,0,0,1,0,0,0,0,0,1,0,0,1,Adult (19-59)
97,0,1,1,71.0,0,0,PC,17754,34.6542,A5,C,A,1,0,0,1,0,0,0,0,0,0,0,1,Senior (60+)
98,1,1,1,23.0,0,1,PC,17759,63.3583,D10 D12,C,D,1,0,0,0,0,0,1,0,0,0,0,2,Adult (19-59)
99,1,2,0,34.0,0,1,,231919,23.0,,S,F,0,0,1,0,0,0,0,0,1,0,0,2,Adult (19-59)
100,0,2,1,34.0,1,0,,244367,26.0,,S,F,0,0,1,0,0,0,0,0,1,0,0,2,Adult (19-59)
101,0,3,0,28.0,0,0,,349245,7.8958,,S,F,0,0,1,0,0,0,0,0,1,0,0,1,Adult (19-59)
102,0,3,1,31.841005564487936,0,0,,349215,7.8958,,S,F,0,0,1,0,0,0,0,0,1,0,0,1,Adult (19-59)
103,0,1,1,21.0,0,1,,35281,77.2875,D26,S,D,0,0,1,0,0,0,1,0,0,0,0,2,Adult (19-59)
104,0,3,1,33.0,0,0,,7540,8.6542,,S,F,0,0,1,0,0,0,0,0,1,0,0,1,Adult (19-59)
105,0,3,1,37.0,2,0,,3101276,7.925,,S,F,0,0,1,0,0,0,0,0,1,0,0,3,Adult (19-59)
106,0,3,1,28.0,0,0,,349207,7.8958,,S,F,0,0,1,0,0,0,0,0,1,0,0,1,Adult (19-59)
107,1,3,0,21.0,0,0,,343120,7.65,,S,F,0,0,1,0,0,0,0,0,1,0,0,1,Adult (19-59)
108,1,3,1,32.89030692545021,0,0,,312991,7.775,,S,F,0,0,1,0,0,0,0,0,1,0,0,1,Adult (19-59)
109,0,3,1,38.0,0,0,,349249,7.8958,,S,F,0,0,1,0,0,0,0,0,1,0,0,1,Adult (19-59)
110,1,3,0,11.178401894856341,1,0,,371110,24.15,,Q,F,0,1,0,0,0,0,0,0,1,0,0,2,Child (0-12)
111,0,1,1,47.0,0,0,,110465,52.0,C110,S,C,0,0,1,0,0,1,0,0,0,0,0,1,Adult (19-59)
112,0,3,0,14.5,1,0,,2665,14.4542,,C,F,1,0,0,0,0,0,0,0,1,0,0,2,Teen (13-18)
113,0,3,1,22.0,0,0,,324669,8.05,,S,F,0,0,1,0,0,0,0,0,1,0,0,1,Adult (19-59)
114,0,3,0,20.0,1,0,,4136,9.825,,S,F,0,0,1,0,0,0,0,0,1,0,0,2,Adult (19-59)
115,0,3,0,17.0,0,0,,2627,14.4583,,C,F,1,0,0,0,0,0,0,0,1,0,0,1,Teen (13-18)
116,0,3,1,21.0,0,0,STON/O,2,31.0,,S,F,0,0,1,0,0,0,0,0,1,0,0,1,Adult (19-59)
117,0,3,1,70.5,0,0,,370369,7.75,,Q,F,0,1,0,0,0,0,0,0,1,0,0,1,Senior (60+)
118,0,2,1,29.0,1,0,,11668,21.0,,S,F,0,0,1,0,0,0,0,0,1,0,0,2,Adult (19-59)
119,0,1,1,24.0,0,1,PC,17558,247.5208,B58 B60,C,B,1,0,0,0,1,0,0,0,0,0,0,2,Adult (19-59)
120,0,3,0,2.0,4,2,,347082,31.275,,S,F,0,0,1,0,0,0,0,0,1,0,0,7,Child (0-12)
121,0,2,1,21.0,2,0,S.O.C.,14879,73.5,,S,F,0,0,1,0,0,0,0,0,1,0,0,3,Adult (19-59)
122,0,3,1,48.1514664442378,0,0,A4.,54510,8.05,,S,F,0,0,1,0,0,0,0,0,1,0,0,1,Adult (19-59)
123,0,2,1,32.5,1,0,,237736,30.0708,,C,F,1,0,0,0,0,0,0,0,1,0,0,2,Adult (19-59)
124,1,2,0,32.5,0,0,,27267,13.0,E101,S,E,0,0,1,0,0,0,0,1,0,0,0,1,Adult (19-59)
125,0,1,1,54.0,0,1,,35281,77.2875,D26,S,D,0,0,1,0,0,0,1,0,0,0,0,2,Adult (19-59)
126,1,3,1,12.0,1,0,,2651,11.2417,,C,F,1,0,0,0,0,0,0,0,1,0,0,2,Child (0-12)
127,0,3,1,8.67446761882196,0,0,,370372,7.75,,Q,F,0,1,0,0,0,0,0,0,1,0,0,1,Child (0-12)
128,1,3,1,24.0,0,0,C,17369,7.1417,,S,F,0,0,1,0,0,0,0,0,1,0,0,1,Adult (19-59)
129,1,3,0,5.8497055228949275,1,1,,2668,22.3583,F E69,C,F,1,0,0,0,0,0,0,0,1,0,0,3,Child (0-12)
130,0,3,1,45.0,0,0,,347061,6.975,,S,F,0,0,1,0,0,0,0,0,1,0,0,1,Adult (19-59)
131,0,3,1,33.0,0,0,,349241,7.8958,,C,F,1,0,0,0,0,0,0,0,1,0,0,1,Adult (19-59)
132,0,3,1,20.0,0,0,SOTON/O.Q.,31,7.05,,S,F,0,0,1,0,0,0,0,0,1,0,0,1,Adult (19-59)
133,0,3,0,47.0,1,0,A/5.,3337,14.5,,S,F,0,0,1,0,0,0,0,0,1,0,0,2,Adult (19-59)
134,1,2,0,29.0,1,0,,228414,26.0,,S,F,0,0,1,0,0,0,0,0,1,0,0,2,Adult (19-59)
135,0,2,1,25.0,0,0,C.A.,29178,13.0,,S,F,0,0,1,0,0,0,0,0,1,0,0,1,Adult (19-59)
136,0,2,1,23.0,0,0,SC/PARIS,2133,15.0458,,C,F,1,0,0,0,0,0,0,0,1,0,0,1,Adult (19-59)
137,1,1,0,19.0,0,2,,11752,26.2833,D47,S,D,0,0,1,0,0,0,1,0,0,0,0,3,Adult (19-59)
138,0,1,1,37.0,1,0,,113803,53.1,C123,S,C,0,0,1,0,0,1,0,0,0,0,0,2,Adult (19-59)
139,0,3,1,16.0,0,0,,7534,9.2167,,S,F,0,0,1,0,0,0,0,0,1,0,0,1,Teen (13-18)
140,0,1,1,24.0,0,0,PC,17593,79.2,B86,C,B,1,0,0,0,1,0,0,0,0,0,0,1,Adult (19-59)
141,0,3,0,21.10361883361544,0,2,,2678,15.2458,,C,F,1,0,0,0,0,0,0,0,1,0,0,3,Adult (19-59)
142,1,3,0,22.0,0,0,,347081,7.75,,S,F,0,0,1,0,0,0,0,0,1,0,0,1,Adult (19-59)
143,1,3,0,24.0,1,0,STON/O2.,31,15.85,,S,F,0,0,1,0,0,0,0,0,1,0,0,2,Adult (19-59)
144,0,3,1,19.0,0,0,,365222,6.75,,Q,F,0,1,0,0,0,0,0,0,1,0,0,1,Adult (19-59)
145,0,2,1,18.0,0,0,,231945,11.5,,S,F,0,0,1,0,0,0,0,0,1,0,0,1,Teen (13-18)
146,0,2,1,19.0,1,1,C.A.,33112,36.75,,S,F,0,0,1,0,0,0,0,0,1,0,0,3,Adult (19-59)
147,1,3,1,27.0,0,0,,350043,7.7958,,S,F,0,0,1,0,0,0,0,0,1,0,0,1,Adult (19-59)
148,0,3,0,9.0,2,2,W./C.,6608,34.375,,S,F,0,0,1,0,0,0,0,0,1,0,0,5,Child (0-12)
149,0,2,1,36.5,0,2,,230080,26.0,F2,S,F,0,0,1,0,0,0,0,0,1,0,0,3,Adult (19-59)
150,0,2,1,42.0,0,0,,244310,13.0,,S,F,0,0,1,0,0,0,0,0,1,0,0,1,Adult (19-59)
151,0,2,1,51.0,0,0,S.O.P.,1166,12.525,,S,F,0,0,1,0,0,0,0,0,1,0,0,1,Adult (19-59)
152,1,1,0,22.0,1,0,,113776,66.6,C2,S,C,0,0,1,0,0,1,0,0,0,0,0,2,Adult (19-59)
153,0,3,1,55.5,0,0,A.5.,11206,8.05,,S,F,0,0,1,0,0,0,0,0,1,0,0,1,Adult (19-59)
154,0,3,1,40.5,0,2,A/5.,851,14.5,,S,F,0,0,1,0,0,0,0,0,1,0,0,3,Adult (19-59)
155,0,3,1,17.614962815574337,0,0,Fa,2,7.3125,,S,F,0,0,1,0,0,0,0,0,1,0,0,1,Teen (13-18)
156,0,1,1,51.0,0,1,PC,17597,61.3792,,C,C,1,0,0,0,0,1,0,0,0,0,0,2,Adult (19-59)
157,1,3,0,16.0,0,0,,35851,7.7333,,Q,F,0,1,0,0,0,0,0,0,1,0,0,1,Teen (13-18)
158,0,3,1,30.0,0,0,SOTON/OQ,3,8.05,,S,F,0,0,1,0,0,0,0,0,1,0,0,1,Adult (19-59)
159,0,3,1,30.253632371093655,0,0,,315037,8.6625,,S,F,0,0,1,0,0,0,0,0,1,0,0,1,Adult (19-59)
160,0,3,1,-35.30152071924313,8,2,CA.,2343,69.55,,S,F,0,0,1,0,0,0,0,0,1,0,0,11,
161,0,3,1,44.0,0,1,,371362,16.1,,S,F,0,0,1,0,0,0,0,0,1,0,0,2,Adult (19-59)
162,1,2,0,40.0,0,0,C.A.,33595,15.75,,S,F,0,0,1,0,0,0,0,0,1,0,0,1,Adult (19-59)
163,0,3,1,26.0,0,0,,347068,7.775,,S,F,0,0,1,0,0,0,0,0,1,0,0,1,Adult (19-59)
164,0,3,1,17.0,0,0,,315093,8.6625,,S,F,0,0,1,0,0,0,0,0,1,0,0,1,Teen (13-18)
165,0,3,1,1.0,4,1,,3101295,39.6875,,S,F,0,0,1,0,0,0,0,0,1,0,0,6,Child (0-12)
166,1,3,1,9.0,0,2,,363291,20.525,,S,F,0,0,1,0,0,0,0,0,1,0,0,3,Child (0-12)
167,1,1,0,37.385076589731696,0,1,,113505,55.0,E33,S,E,0,0,1,0,0,0,0,1,0,0,0,2,Adult (19-59)
168,0,3,0,45.0,1,4,,347088,27.9,,S,F,0,0,1,0,0,0,0,0,1,0,0,6,Adult (19-59)
169,0,1,1,68.11727587754513,0,0,PC,17318,25.925,,S,C,0,0,1,0,0,1,0,0,0,0,0,1,Senior (60+)
170,0,3,1,28.0,0,0,,1601,56.4958,,S,F,0,0,1,0,0,0,0,0,1,0,0,1,Adult (19-59)
171,0,1,1,61.0,0,0,,111240,33.5,B19,S,B,0,0,1,0,1,0,0,0,0,0,0,1,Senior (60+)
172,0,3,1,4.0,4,1,,382652,29.125,,Q,F,0,1,0,0,0,0,0,0,1,0,0,6,Child (0-12)
173,1,3,0,1.0,1,1,,347742,11.1333,,S,F,0,0,1,0,0,0,0,0,1,0,0,3,Child (0-12)
174,0,3,1,21.0,0,0,STON/O,2,31.0,,S,F,0,0,1,0,0,0,0,0,1,0,0,1,Adult (19-59)
175,0,1,1,56.0,0,0,,17764,30.6958,A7,C,A,1,0,0,1,0,0,0,0,0,0,0,1,Adult (19-59)
176,0,3,1,18.0,1,1,,350404,7.8542,,S,F,0,0,1,0,0,0,0,0,1,0,0,3,Teen (13-18)
177,0,3,1,-14.088226587003135,3,1,,4133,25.4667,,S,F,0,0,1,0,0,0,0,0,1,0,0,5,
178,0,1,0,50.0,0,0,PC,17595,28.7125,C49,C,C,1,0,0,0,0,1,0,0,0,0,0,1,Adult (19-59)
179,0,2,1,30.0,0,0,,250653,13.0,,S,F,0,0,1,0,0,0,0,0,1,0,0,1,Adult (19-59)
180,0,3,1,36.0,0,0,LINE,0,0.0,,S,F,0,0,1,0,0,0,0,0,1,0,0,1,Adult (19-59)
181,0,3,0,-14.432573471847817,8,2,CA.,2343,69.55,,S,F,0,0,1,0,0,0,0,0,1,0,0,11,
182,0,2,1,22.739891535747823,0,0,SC/PARIS,2131,15.05,,C,F,1,0,0,0,0,0,0,0,1,0,0,1,Adult (19-59)
183,0,3,1,9.0,4,2,,347077,31.3875,,S,F,0,0,1,0,0,0,0,0,1,0,0,7,Child (0-12)
184,1,2,1,1.0,2,1,,230136,39.0,F4,S,F,0,0,1,0,0,0,0,0,1,0,0,4,Child (0-12)
185,1,3,0,4.0,0,2,,315153,22.025,,S,F,0,0,1,0,0,0,0,0,1,0,0,3,Child (0-12)
186,0,1,1,65.1245498863261,0,0,,113767,50.0,A32,S,A,0,0,1,1,0,0,0,0,0,0,0,1,Senior (60+)
187,1,3,0,5.37375896202502,1,0,,370365,15.5,,Q,F,0,1,0,0,0,0,0,0,1,0,0,2,Child (0-12)
188,1,1,1,45.0,0,0,,111428,26.55,,S,C,0,0,1,0,0,1,0,0,0,0,0,1,Adult (19-59)
189,0,3,1,40.0,1,1,,364849,15.5,,Q,F,0,1,0,0,0,0,0,0,1,0,0,3,Adult (19-59)
190,0,3,1,36.0,0,0,,349247,7.8958,,S,F,0,0,1,0,0,0,0,0,1,0,0,1,Adult (19-59)
191,1,2,0,32.0,0,0,,234604,13.0,,S,F,0,0,1,0,0,0,0,0,1,0,0,1,Adult (19-59)
192,0,2,1,19.0,0,0,,28424,13.0,,S,F,0,0,1,0,0,0,0,0,1,0,0,1,Adult (19-59)
193,1,3,0,19.0,1,0,,350046,7.8542,,S,F,0,0,1,0,0,0,0,0,1,0,0,2,Adult (19-59)
194,1,2,1,3.0,1,1,,230080,26.0,F2,S,F,0,0,1,0,0,0,0,0,1,0,0,3,Child (0-12)
195,1,1,0,44.0,0,0,PC,17610,27.7208,B4,C,B,1,0,0,0,1,0,0,0,0,0,0,1,Adult (19-59)
196,1,1,0,58.0,0,0,PC,17569,146.5208,B80,C,B,1,0,0,0,1,0,0,0,0,0,0,1,Adult (19-59)
197,0,3,1,23.90438763900911,0,0,,368703,7.75,,Q,F,0,1,0,0,0,0,0,0,1,0,0,1,Adult (19-59)
198,0,3,1,42.0,0,1,,4579,8.4042,,S,F,0,0,1,0,0,0,0,0,1,0,0,2,Adult (19-59)
199,1,3,0,31.162519046381533,0,0,,370370,7.75,,Q,F,0,1,0,0,0,0,0,0,1,0,0,1,Adult (19-59)
200,0,2,0,24.0,0,0,,248747,13.0,,S,F,0,0,1,0,0,0,0,0,1,0,0,1,Adult (19-59)
201,0,3,1,28.0,0,0,,345770,9.5,,S,F,0,0,1,0,0,0,0,0,1,0,0,1,Adult (19-59)
202,0,3,1,4.855464897225366,8,2,CA.,2343,69.55,,S,F,0,0,1,0,0,0,0,0,1,0,0,11,Child (0-12)
203,0,3,1,34.0,0,0,,3101264,6.4958,,S,F,0,0,1,0,0,0,0,0,1,0,0,1,Adult (19-59)
204,0,3,1,45.5,0,0,,2628,7.225,,C,F,1,0,0,0,0,0,0,0,1,0,0,1,Adult (19-59)
205,1,3,1,18.0,0,0,A/5,3540,8.05,,S,F,0,0,1,0,0,0,0,0,1,0,0,1,Teen (13-18)
206,0,3,0,2.0,0,1,,347054,10.4625,G6,S,G,0,0,1,0,0,0,0,0,0,1,0,2,Child (0-12)
207,0,3,1,32.0,1,0,,3101278,15.85,,S,F,0,0,1,0,0,0,0,0,1,0,0,2,Adult (19-59)
208,1,3,1,26.0,0,0,,2699,18.7875,,C,F,1,0,0,0,0,0,0,0,1,0,0,1,Adult (19-59)
209,1,3,0,16.0,0,0,,367231,7.75,,Q,F,0,1,0,0,0,0,0,0,1,0,0,1,Teen (13-18)
210,1,1,1,40.0,0,0,,112277,31.0,A31,C,A,1,0,0,1,0,0,0,0,0,0,0,1,Adult (19-59)
211,0,3,1,24.0,0,0,SOTON/O.Q.,31,7.05,,S,F,0,0,1,0,0,0,0,0,1,0,0,1,Adult (19-59)
212,1,2,0,35.0,0,0,F.C.C.,13528,21.0,,S,F,0,0,1,0,0,0,0,0,1,0,0,1,Adult (19-59)
213,0,3,1,22.0,0,0,A/5,21174,7.25,,S,F,0,0,1,0,0,0,0,0,1,0,0,1,Adult (19-59)
214,0,2,1,30.0,0,0,,250646,13.0,,S,F,0,0,1,0,0,0,0,0,1,0,0,1,Adult (19-59)
215,0,3,1,35.09110560759871,1,0,,367229,7.75,,Q,F,0,1,0,0,0,0,0,0,1,0,0,2,Adult (19-59)
216,1,1,0,31.0,1,0,,35273,113.275,D36,C,D,1,0,0,0,0,0,1,0,0,0,0,2,Adult (19-59)
217,1,3,0,27.0,0,0,STON/O2.,31,7.925,,S,F,0,0,1,0,0,0,0,0,1,0,0,1,Adult (19-59)
218,0,2,1,42.0,1,0,,243847,27.0,,S,F,0,0,1,0,0,0,0,0,1,0,0,2,Adult (19-59)
219,1,1,0,32.0,0,0,,11813,76.2917,D15,C,D,1,0,0,0,0,0,1,0,0,0,0,1,Adult (19-59)
220,0,2,1,30.0,0,0,W/C,14208,10.5,,S,F,0,0,1,0,0,0,0,0,1,0,0,1,Adult (19-59)
221,1,3,1,16.0,0,0,SOTON/OQ,3,8.05,,S,F,0,0,1,0,0,0,0,0,1,0,0,1,Teen (13-18)
222,0,2,1,27.0,0,0,,220367,13.0,,S,F,0,0,1,0,0,0,0,0,1,0,0,1,Adult (19-59)
223,0,3,1,51.0,0,0,,21440,8.05,,S,F,0,0,1,0,0,0,0,0,1,0,0,1,Adult (19-59)
224,0,3,1,50.28274121874297,0,0,,349234,7.8958,,S,F,0,0,1,0,0,0,0,0,1,0,0,1,Adult (19-59)
225,1,1,1,38.0,1,0,,19943,90.0,C93,S,C,0,0,1,0,0,1,0,0,0,0,0,2,Adult (19-59)
226,0,3,1,22.0,0,0,PP,4348,9.35,,S,F,0,0,1,0,0,0,0,0,1,0,0,1,Adult (19-59)
227,1,2,1,19.0,0,0,SW/PP,751,10.5,,S,F,0,0,1,0,0,0,0,0,1,0,0,1,Adult (19-59)
228,0,3,1,20.5,0,0,A/5,21173,7.25,,S,F,0,0,1,0,0,0,0,0,1,0,0,1,Adult (19-59)
229,0,2,1,18.0,0,0,,236171,13.0,,S,F,0,0,1,0,0,0,0,0,1,0,0,1,Teen (13-18)
230,0,3,0,16.617984769899657,3,1,,4133,25.4667,,S,F,0,0,1,0,0,0,0,0,1,0,0,5,Teen (13-18)
231,1,1,0,35.0,1,0,,36973,83.475,C83,S,C,0,0,1,0,0,1,0,0,0,0,0,2,Adult (19-59)
232,0,3,1,29.0,0,0,,347067,7.775,,S,F,0,0,1,0,0,0,0,0,1,0,0,1,Adult (19-59)
233,0,2,1,59.0,0,0,,237442,13.5,,S,F,0,0,1,0,0,0,0,0,1,0,0,1,Adult (19-59)
234,1,3,0,5.0,4,2,,347077,31.3875,,S,F,0,0,1,0,0,0,0,0,1,0,0,7,Child (0-12)
235,0,2,1,24.0,0,0,C.A.,29566,10.5,,S,F,0,0,1,0,0,0,0,0,1,0,0,1,Adult (19-59)
236,0,3,0,30.49233522984038,0,0,W./C.,6609,7.55,,S,F,0,0,1,0,0,0,0,0,1,0,0,1,Adult (19-59)
237,0,2,1,44.0,1,0,,26707,26.0,,S,F,0,0,1,0,0,0,0,0,1,0,0,2,Adult (19-59)
238,1,2,0,8.0,0,2,C.A.,31921,26.25,,S,F,0,0,1,0,0,0,0,0,1,0,0,3,Child (0-12)
239,0,2,1,19.0,0,0,,28665,10.5,,S,F,0,0,1,0,0,0,0,0,1,0,0,1,Adult (19-59)
240,0,2,1,33.0,0,0,SCO/W,1585,12.275,,S,F,0,0,1,0,0,0,0,0,1,0,0,1,Adult (19-59)
241,0,3,0,35.3799782613778,1,0,,2665,14.4542,,C,F,1,0,0,0,0,0,0,0,1,0,0,2,Adult (19-59)
242,1,3,0,22.262341213973528,1,0,,367230,15.5,,Q,F,0,1,0,0,0,0,0,0,1,0,0,2,Adult (19-59)
243,0,2,1,29.0,0,0,W./C.,14263,10.5,,S,F,0,0,1,0,0,0,0,0,1,0,0,1,Adult (19-59)
244,0,3,1,22.0,0,0,STON/O,2,31.0,,S,F,0,0,1,0,0,0,0,0,1,0,0,1,Adult (19-59)
245,0,3,1,30.0,0,0,,2694,7.225,,C,F,1,0,0,0,0,0,0,0,1,0,0,1,Adult (19-59)
246,0,1,1,44.0,2,0,,19928,90.0,C78,Q,C,0,1,0,0,0,1,0,0,0,0,0,3,Adult (19-59)
247,0,3,0,25.0,0,0,,347071,7.775,,S,F,0,0,1,0,0,0,0,0,1,0,0,1,Adult (19-59)
248,1,2,0,24.0,0,2,,250649,14.5,,S,F,0,0,1,0,0,0,0,0,1,0,0,3,Adult (19-59)
249,1,1,1,37.0,1,1,,11751,52.5542,D35,S,D,0,0,1,0,0,0,1,0,0,0,0,3,Adult (19-59)
250,0,2,1,54.0,1,0,,244252,26.0,,S,F,0,0,1,0,0,0,0,0,1,0,0,2,Adult (19-59)
251,0,3,1,25.27201563894641,0,0,,362316,7.25,,S,F,0,0,1,0,0,0,0,0,1,0,0,1,Adult (19-59)
252,0,3,0,29.0,1,1,,347054,10.4625,G6,S,G,0,0,1,0,0,0,0,0,0,1,0,3,Adult (19-59)
253,0,1,1,62.0,0,0,,113514,26.55,C87,S,C,0,0,1,0,0,1,0,0,0,0,0,1,Senior (60+)
254,0,3,1,30.0,1,0,A/5.,3336,16.1,,S,F,0,0,1,0,0,0,0,0,1,0,0,2,Adult (19-59)
255,0,3,0,41.0,0,2,,370129,20.2125,,S,F,0,0,1,0,0,0,0,0,1,0,0,3,Adult (19-59)
256,1,3,0,29.0,0,2,,2650,15.2458,,C,F,1,0,0,0,0,0,0,0,1,0,0,3,Adult (19-59)
257,1,1,0,34.929397657305664,0,0,PC,17585,79.2,,C,C,1,0,0,0,0,1,0,0,0,0,0,1,Adult (19-59)
258,1,1,0,30.0,0,0,,110152,86.5,B77,S,B,0,0,1,0,1,0,0,0,0,0,0,1,Adult (19-59)
259,1,1,0,35.0,0,0,PC,17755,512.3292,,C,C,1,0,0,0,0,1,0,0,0,0,0,1,Adult (19-59)
260,1,2,0,50.0,0,1,,230433,26.0,,S,F,0,0,1,0,0,0,0,0,1,0,0,2,Adult (19-59)
261,0,3,1,32.51736408228143,0,0,,384461,7.75,,Q,F,0,1,0,0,0,0,0,0,1,0,0,1,Adult (19-59)
262,1,3,1,3.0,4,2,,347077,31.3875,,S,F,0,0,1,0,0,0,0,0,1,0,0,7,Child (0-12)
263,0,1,1,52.0,1,1,,110413,79.65,E67,S,E,0,0,1,0,0,0,0,1,0,0,0,3,Adult (19-59)
264,0,1,1,40.0,0,0,,112059,0.0,B94,S,B,0,0,1,0,1,0,0,0,0,0,0,1,Adult (19-59)
265,0,3,0,6.862069789881879,0,0,,382649,7.75,,Q,F,0,1,0,0,0,0,0,0,1,0,0,1,Child (0-12)
266,0,2,1,36.0,0,0,C.A.,17248,10.5,,S,F,0,0,1,0,0,0,0,0,1,0,0,1,Adult (19-59)
267,0,3,1,16.0,4,1,,3101295,39.6875,,S,F,0,0,1,0,0,0,0,0,1,0,0,6,Teen (13-18)
268,1,3,1,25.0,1,0,,347083,7.775,,S,F,0,0,1,0,0,0,0,0,1,0,0,2,Adult (19-59)
269,1,1,0,58.0,0,1,PC,17582,153.4625,C125,S,C,0,0,1,0,0,1,0,0,0,0,0,2,Adult (19-59)
270,1,1,0,35.0,0,0,PC,17760,135.6333,C99,S,C,0,0,1,0,0,1,0,0,0,0,0,1,Adult (19-59)
271,0,1,1,53.15296400005756,0,0,,113798,31.0,,S,C,0,0,1,0,0,1,0,0,0,0,0,1,Adult (19-59)
272,1,3,1,25.0,0,0,LINE,0,0.0,,S,F,0,0,1,0,0,0,0,0,1,0,0,1,Adult (19-59)
273,1,2,0,41.0,0,1,,250644,19.5,,S,F,0,0,1,0,0,0,0,0,1,0,0,2,Adult (19-59)
274,0,1,1,37.0,0,1,PC,17596,29.7,C118,C,C,1,0,0,0,0,1,0,0,0,0,0,2,Adult (19-59)
275,1,3,0,13.970994273790966,0,0,,370375,7.75,,Q,F,0,1,0,0,0,0,0,0,1,0,0,1,Teen (13-18)
276,1,1,0,63.0,1,0,,13502,77.9583,D7,S,D,0,0,1,0,0,0,1,0,0,0,0,2,Senior (60+)
277,0,3,0,45.0,0,0,,347073,7.75,,S,F,0,0,1,0,0,0,0,0,1,0,0,1,Adult (19-59)
278,0,2,1,40.362097710240484,0,0,,239853,0.0,,S,F,0,0,1,0,0,0,0,0,1,0,0,1,Adult (19-59)
279,0,3,1,7.0,4,1,,382652,29.125,,Q,F,0,1,0,0,0,0,0,0,1,0,0,6,Child (0-12)
280,1,3,0,35.0,1,1,C.A.,2673,20.25,,S,F,0,0,1,0,0,0,0,0,1,0,0,3,Adult (19-59)
281,0,3,1,65.0,0,0,,336439,7.75,,Q,F,0,1,0,0,0,0,0,0,1,0,0,1,Senior (60+)
282,0,3,1,28.0,0,0,,347464,7.8542,,S,F,0,0,1,0,0,0,0,0,1,0,0,1,Adult (19-59)
283,0,3,1,16.0,0,0,,345778,9.5,,S,F,0,0,1,0,0,0,0,0,1,0,0,1,Teen (13-18)
284,1,3,1,19.0,0,0,A/5.,10482,8.05,,S,F,0,0,1,0,0,0,0,0,1,0,0,1,Adult (19-59)
285,0,1,1,72.48439773726231,0,0,,113056,26.0,A19,S,A,0,0,1,1,0,0,0,0,0,0,0,1,Senior (60+)
286,0,3,1,33.0,0,0,,349239,8.6625,,C,F,1,0,0,0,0,0,0,0,1,0,0,1,Adult (19-59)
287,1,3,1,30.0,0,0,,345774,9.5,,S,F,0,0,1,0,0,0,0,0,1,0,0,1,Adult (19-59)
288,0,3,1,22.0,0,0,,349206,7.8958,,S,F,0,0,1,0,0,0,0,0,1,0,0,1,Adult (19-59)
289,1,2,1,42.0,0,0,,237798,13.0,,S,F,0,0,1,0,0,0,0,0,1,0,0,1,Adult (19-59)
290,1,3,0,22.0,0,0,,370373,7.75,,Q,F,0,1,0,0,0,0,0,0,1,0,0,1,Adult (19-59)
291,1,1,0,26.0,0,0,,19877,78.85,,S,C,0,0,1,0,0,1,0,0,0,0,0,1,Adult (19-59)
292,1,1,0,19.0,1,0,,11967,91.0792,B49,C,B,1,0,0,0,1,0,0,0,0,0,0,2,Adult (19-59)
293,0,2,1,36.0,0,0,SC/Paris,2163,12.875,D,C,D,1,0,0,0,0,0,1,0,0,0,0,1,Adult (19-59)
294,0,3,0,24.0,0,0,,349236,8.85,,S,F,0,0,1,0,0,0,0,0,1,0,0,1,Adult (19-59)
295,0,3,1,24.0,0,0,,349233,7.8958,,S,F,0,0,1,0,0,0,0,0,1,0,0,1,Adult (19-59)
296,0,1,1,33.75802577108632,0,0,PC,17612,27.7208,,C,C,1,0,0,0,0,1,0,0,0,0,0,1,Adult (19-59)
297,0,3,1,23.5,0,0,,2693,7.2292,,C,F,1,0,0,0,0,0,0,0,1,0,0,1,Adult (19-59)
298,0,1,0,2.0,1,2,,113781,151.55,C22 C26,S,C,0,0,1,0,0,1,0,0,0,0,0,4,Child (0-12)
299,1,1,1,28.242284567572725,0,0,,19988,30.5,C106,S,C,0,0,1,0,0,1,0,0,0,0,0,1,Adult (19-59)
300,1,1,0,50.0,0,1,PC,17558,247.5208,B58 B60,C,B,1,0,0,0,1,0,0,0,0,0,0,2,Adult (19-59)
301,1,3,0,39.3454125110804,0,0,,9234,7.75,,Q,F,0,1,0,0,0,0,0,0,1,0,0,1,Adult (19-59)
302,1,3,1,27.623681330815288,2,0,,367226,23.25,,Q,F,0,1,0,0,0,0,0,0,1,0,0,3,Adult (19-59)
303,0,3,1,19.0,0,0,LINE,0,0.0,,S,F,0,0,1,0,0,0,0,0,1,0,0,1,Adult (19-59)
304,1,2,0,45.98312334524225,0,0,,226593,12.35,E101,Q,E,0,1,0,0,0,0,0,1,0,0,0,1,Adult (19-59)
305,0,3,1,41.17678660314948,0,0,A/5,2466,8.05,,S,F,0,0,1,0,0,0,0,0,1,0,0,1,Adult (19-59)
306,1,1,1,0.92,1,2,,113781,151.55,C22 C26,S,C,0,0,1,0,0,1,0,0,0,0,0,4,Child (0-12)
307,1,1,0,23.347521401618522,0,0,,17421,110.8833,,C,C,1,0,0,0,0,1,0,0,0,0,0,1,Adult (19-59)
308,1,1,0,17.0,1,0,PC,17758,108.9,C65,C,C,1,0,0,0,0,1,0,0,0,0,0,2,Teen (13-18)
309,0,2,1,30.0,1,0,P/PP,3381,24.0,,C,F,1,0,0,0,0,0,0,0,1,0,0,2,Adult (19-59)
310,1,1,0,30.0,0,0,PC,17485,56.9292,E36,C,E,1,0,0,0,0,0,0,1,0,0,0,1,Adult (19-59)
311,1,1,0,24.0,0,0,,11767,83.1583,C54,C,C,1,0,0,0,0,1,0,0,0,0,0,1,Adult (19-59)
312,1,1,0,18.0,2,2,PC,17608,262.375,B57 B59 B63 B66,C,B,1,0,0,0,1,0,0,0,0,0,0,5,Teen (13-18)
313,0,2,0,26.0,1,1,,250651,26.0,,S,F,0,0,1,0,0,0,0,0,1,0,0,3,Adult (19-59)
314,0,3,1,28.0,0,0,,349243,7.8958,,S,F,0,0,1,0,0,0,0,0,1,0,0,1,Adult (19-59)
315,0,2,1,43.0,1,1,F.C.C.,13529,26.25,,S,F,0,0,1,0,0,0,0,0,1,0,0,3,Adult (19-59)
316,1,3,0,26.0,0,0,,347470,7.8542,,S,F,0,0,1,0,0,0,0,0,1,0,0,1,Adult (19-59)
317,1,2,0,24.0,1,0,,244367,26.0,,S,F,0,0,1,0,0,0,0,0,1,0,0,2,Adult (19-59)
318,0,2,1,54.0,0,0,,29011,14.0,,S,F,0,0,1,0,0,0,0,0,1,0,0,1,Adult (19-59)
319,1,1,0,31.0,0,2,,36928,164.8667,C7,S,C,0,0,1,0,0,1,0,0,0,0,0,3,Adult (19-59)
320,1,1,0,40.0,1,1,,16966,134.5,E34,C,E,1,0,0,0,0,0,0,1,0,0,0,3,Adult (19-59)
321,0,3,1,22.0,0,0,A/5,21172,7.25,,S,F,0,0,1,0,0,0,0,0,1,0,0,1,Adult (19-59)
322,0,3,1,27.0,0,0,,349219,7.8958,,S,F,0,0,1,0,0,0,0,0,1,0,0,1,Adult (19-59)
323,1,2,0,30.0,0,0,,234818,12.35,,Q,F,0,1,0,0,0,0,0,0,1,0,0,1,Adult (19-59)
324,1,2,0,22.0,1,1,,248738,29.0,,S,F,0,0,1,0,0,0,0,0,1,0,0,3,Adult (19-59)
325,0,3,1,7.530997596347003,8,2,CA.,2343,69.55,,S,F,0,0,1,0,0,0,0,0,1,0,0,11,Child (0-12)
326,1,1,0,36.0,0,0,PC,17760,135.6333,C32,C,C,1,0,0,0,0,1,0,0,0,0,0,1,Adult (19-59)
327,0,3,1,61.0,0,0,,345364,6.2375,,S,F,0,0,1,0,0,0,0,0,1,0,0,1,Senior (60+)
328,1,2,0,36.0,0,0,,28551,13.0,D,S,D,0,0,1,0,0,0,1,0,0,0,0,1,Adult (19-59)
329,1,3,0,31.0,1,1,,363291,20.525,,S,F,0,0,1,0,0,0,0,0,1,0,0,3,Adult (19-59)
330,1,1,0,16.0,0,1,,111361,57.9792,B18,C,B,1,0,0,0,1,0,0,0,0,0,0,2,Teen (13-18)
331,1,3,0,34.90389950924498,2,0,,367226,23.25,,Q,F,0,1,0,0,0,0,0,0,1,0,0,3,Adult (19-59)
332,0,1,1,45.5,0,0,,113043,28.5,C124,S,C,0,0,1,0,0,1,0,0,0,0,0,1,Adult (19-59)
333,0,1,1,38.0,0,1,PC,17582,153.4625,C91,S,C,0,0,1,0,0,1,0,0,0,0,0,2,Adult (19-59)
334,0,3,1,16.0,2,0,,345764,18.0,,S,F,0,0,1,0,0,0,0,0,1,0,0,3,Teen (13-18)
335,1,1,0,33.70782305132116,1,0,PC,17611,133.65,,S,C,0,0,1,0,0,1,0,0,0,0,0,2,Adult (19-59)
336,0,3,1,37.18752949145414,0,0,,349225,7.8958,,S,F,0,0,1,0,0,0,0,0,1,0,0,1,Adult (19-59)
337,0,1,1,29.0,1,0,,113776,66.6,C2,S,C,0,0,1,0,0,1,0,0,0,0,0,2,Adult (19-59)
338,1,1,0,41.0,0,0,,16966,134.5,E40,C,E,1,0,0,0,0,0,0,1,0,0,0,1,Adult (19-59)
339,1,3,1,45.0,0,0,,7598,8.05,,S,F,0,0,1,0,0,0,0,0,1,0,0,1,Adult (19-59)
340,0,1,1,45.0,0,0,,113784,35.5,T,S,T,0,0,1,0,0,0,0,0,0,0,1,1,Adult (19-59)
341,1,2,1,2.0,1,1,,230080,26.0,F2,S,F,0,0,1,0,0,0,0,0,1,0,0,3,Child (0-12)
342,1,1,0,24.0,3,2,,19950,263.0,C23 C25 C27,S,C,0,0,1,0,0,1,0,0,0,0,0,6,Adult (19-59)
343,0,2,1,28.0,0,0,,248740,13.0,,S,F,0,0,1,0,0,0,0,0,1,0,0,1,Adult (19-59)
344,0,2,1,25.0,0,0,,244361,13.0,,S,F,0,0,1,0,0,0,0,0,1,0,0,1,Adult (19-59)
345,0,2,1,36.0,0,0,,229236,13.0,,S,F,0,0,1,0,0,0,0,0,1,0,0,1,Adult (19-59)
346,1,2,0,24.0,0,0,,248733,13.0,F33,S,F,0,0,1,0,0,0,0,0,1,0,0,1,Adult (19-59)
347,1,2,0,40.0,0,0,,31418,13.0,,S,F,0,0,1,0,0,0,0,0,1,0,0,1,Adult (19-59)
348,1,3,0,23.061298295910973,1,0,,386525,16.1,,S,F,0,0,1,0,0,0,0,0,1,0,0,2,Adult (19-59)
349,1,3,1,3.0,1,1,C.A.,37671,15.9,,S,F,0,0,1,0,0,0,0,0,1,0,0,3,Child (0-12)
350,0,3,1,42.0,0,0,,315088,8.6625,,S,F,0,0,1,0,0,0,0,0,1,0,0,1,Adult (19-59)
351,0,3,1,23.0,0,0,,7267,9.225,,S,F,0,0,1,0,0,0,0,0,1,0,0,1,Adult (19-59)
352,0,1,1,84.4189359801791,0,0,,113510,35.0,C128,S,C,0,0,1,0,0,1,0,0,0,0,0,1,Senior (60+)
353,0,3,1,15.0,1,1,,2695,7.2292,,C,F,1,0,0,0,0,0,0,0,1,0,0,3,Teen (13-18)
354,0,3,1,25.0,1,0,,349237,17.8,,S,F,0,0,1,0,0,0,0,0,1,0,0,2,Adult (19-59)
355,0,3,1,4.125125690615775,0,0,,2647,7.225,,C,F,1,0,0,0,0,0,0,0,1,0,0,1,Child (0-12)
356,0,3,1,28.0,0,0,,345783,9.5,,S,F,0,0,1,0,0,0,0,0,1,0,0,1,Adult (19-59)
357,1,1,0,22.0,0,1,,113505,55.0,E33,S,E,0,0,1,0,0,0,0,1,0,0,0,2,Adult (19-59)
358,0,2,0,38.0,0,0,,237671,13.0,,S,F,0,0,1,0,0,0,0,0,1,0,0,1,Adult (19-59)
359,1,3,0,41.303717091820104,0,0,,330931,7.8792,,Q,F,0,1,0,0,0,0,0,0,1,0,0,1,Adult (19-59)
360,1,3,0,20.057067657150565,0,0,,330980,7.8792,,Q,F,0,1,0,0,0,0,0,0,1,0,0,1,Adult (19-59)
361,0,3,1,40.0,1,4,,347088,27.9,,S,F,0,0,1,0,0,0,0,0,1,0,0,6,Adult (19-59)
362,0,2,1,29.0,1,0,SC/PARIS,2167,27.7208,,C,F,1,0,0,0,0,0,0,0,1,0,0,2,Adult (19-59)
363,0,3,0,45.0,0,1,,2691,14.4542,,C,F,1,0,0,0,0,0,0,0,1,0,0,2,Adult (19-59)
364,0,3,1,35.0,0,0,SOTON/O.Q.,31,7.05,,S,F,0,0,1,0,0,0,0,0,1,0,0,1,Adult (19-59)
365,0,3,1,23.543104035744985,1,0,,370365,15.5,,Q,F,0,1,0,0,0,0,0,0,1,0,0,2,Adult (19-59)
366,0,3,1,30.0,0,0,C,7076,7.25,,S,F,0,0,1,0,0,0,0,0,1,0,0,1,Adult (19-59)
367,1,1,0,60.0,1,0,,110813,75.25,D37,C,D,1,0,0,0,0,0,1,0,0,0,0,2,Adult (19-59)
368,1,3,0,9.485093566837966,0,0,,2626,7.2292,,C,F,1,0,0,0,0,0,0,0,1,0,0,1,Child (0-12)
369,1,3,0,33.3269595148699,0,0,,14313,7.75,,Q,F,0,1,0,0,0,0,0,0,1,0,0,1,Adult (19-59)
370,1,1,0,24.0,0,0,PC,17477,69.3,B35,C,B,1,0,0,0,1,0,0,0,0,0,0,1,Adult (19-59)
371,1,1,1,25.0,1,0,,11765,55.4417,E50,C,E,1,0,0,0,0,0,0,1,0,0,0,2,Adult (19-59)
372,0,3,1,18.0,1,0,,3101267,6.4958,,S,F,0,0,1,0,0,0,0,0,1,0,0,2,Teen (13-18)
373,0,3,1,19.0,0,0,,323951,8.05,,S,F,0,0,1,0,0,0,0,0,1,0,0,1,Adult (19-59)
374,0,1,1,22.0,0,0,PC,17760,135.6333,,C,C,1,0,0,0,0,1,0,0,0,0,0,1,Adult (19-59)
375,0,3,0,3.0,3,1,,349909,21.075,,S,F,0,0,1,0,0,0,0,0,1,0,0,5,Child (0-12)
376,1,1,0,45.0288396814572,1,0,PC,17604,82.1708,,C,C,1,0,0,0,0,1,0,0,0,0,0,2,Adult (19-59)
377,1,3,0,22.0,0,0,C,7077,7.25,,S,F,0,0,1,0,0,0,0,0,1,0,0,1,Adult (19-59)
378,0,1,1,27.0,0,2,,113503,211.5,C82,C,C,1,0,0,0,0,1,0,0,0,0,0,3,Adult (19-59)
379,0,3,1,20.0,0,0,,2648,4.0125,,C,F,1,0,0,0,0,0,0,0,1,0,0,1,Adult (19-59)
380,0,3,1,19.0,0,0,,347069,7.775,,S,F,0,0,1,0,0,0,0,0,1,0,0,1,Adult (19-59)
381,1,1,0,42.0,0,0,PC,17757,227.525,,C,C,1,0,0,0,0,1,0,0,0,0,0,1,Adult (19-59)
382,1,3,0,1.0,0,2,,2653,15.7417,,C,F,1,0,0,0,0,0,0,0,1,0,0,3,Child (0-12)
383,0,3,1,32.0,0,0,STON/O,2,31.0,,S,F,0,0,1,0,0,0,0,0,1,0,0,1,Adult (19-59)
384,1,1,0,35.0,1,0,,113789,52.0,,S,C,0,0,1,0,0,1,0,0,0,0,0,2,Adult (19-59)
385,0,3,1,49.74666591950714,0,0,,349227,7.8958,,S,F,0,0,1,0,0,0,0,0,1,0,0,1,Adult (19-59)
386,0,2,1,18.0,0,0,S.O.C.,14879,73.5,,S,F,0,0,1,0,0,0,0,0,1,0,0,1,Teen (13-18)
387,0,3,1,1.0,5,2,CA,2144,46.9,,S,F,0,0,1,0,0,0,0,0,1,0,0,8,Child (0-12)
388,1,2,0,36.0,0,0,,27849,13.0,,S,F,0,0,1,0,0,0,0,0,1,0,0,1,Adult (19-59)
389,0,3,1,52.07602908789052,0,0,,367655,7.7292,,Q,F,0,1,0,0,0,0,0,0,1,0,0,1,Adult (19-59)
390,1,2,0,17.0,0,0,SC,1748,12.0,,C,F,1,0,0,0,0,0,0,0,1,0,0,1,Teen (13-18)
391,1,1,1,36.0,1,2,,113760,120.0,B96 B98,S,B,0,0,1,0,1,0,0,0,0,0,0,4,Adult (19-59)
392,1,3,1,21.0,0,0,,350034,7.7958,,S,F,0,0,1,0,0,0,0,0,1,0,0,1,Adult (19-59)
393,0,3,1,28.0,2,0,,3101277,7.925,,S,F,0,0,1,0,0,0,0,0,1,0,0,3,Adult (19-59)
394,1,1,0,23.0,1,0,,35273,113.275,D36,C,D,1,0,0,0,0,0,1,0,0,0,0,2,Adult (19-59)
395,1,3,0,24.0,0,2,PP,9549,16.7,G6,S,G,0,0,1,0,0,0,0,0,0,1,0,3,Adult (19-59)
396,0,3,1,22.0,0,0,,350052,7.7958,,S,F,0,0,1,0,0,0,0,0,1,0,0,1,Adult (19-59)
397,0,3,0,31.0,0,0,,350407,7.8542,,S,F,0,0,1,0,0,0,0,0,1,0,0,1,Adult (19-59)
398,0,2,1,46.0,0,0,,28403,26.0,,S,F,0,0,1,0,0,0,0,0,1,0,0,1,Adult (19-59)
399,0,2,1,23.0,0,0,,244278,10.5,,S,F,0,0,1,0,0,0,0,0,1,0,0,1,Adult (19-59)
400,1,2,0,28.0,0,0,,240929,12.65,,S,F,0,0,1,0,0,0,0,0,1,0,0,1,Adult (19-59)
401,1,3,1,39.0,0,0,STON/O,2,31.0,,S,F,0,0,1,0,0,0,0,0,1,0,0,1,Adult (19-59)
402,0,3,1,26.0,0,0,,341826,8.05,,S,F,0,0,1,0,0,0,0,0,1,0,0,1,Adult (19-59)
403,0,3,0,21.0,1,0,,4137,9.825,,S,F,0,0,1,0,0,0,0,0,1,0,0,2,Adult (19-59)
404,0,3,1,28.0,1,0,STON/O2.,31,15.85,,S,F,0,0,1,0,0,0,0,0,1,0,0,2,Adult (19-59)
405,0,3,0,20.0,0,0,,315096,8.6625,,S,F,0,0,1,0,0,0,0,0,1,0,0,1,Adult (19-59)
406,0,2,1,34.0,1,0,,28664,21.0,,S,F,0,0,1,0,0,0,0,0,1,0,0,2,Adult (19-59)
407,0,3,1,51.0,0,0,,347064,7.75,,S,F,0,0,1,0,0,0,0,0,1,0,0,1,Adult (19-59)
408,1,2,1,3.0,1,1,,29106,18.75,,S,F,0,0,1,0,0,0,0,0,1,0,0,3,Child (0-12)
409,0,3,1,21.0,0,0,,312992,7.775,,S,F,0,0,1,0,0,0,0,0,1,0,0,1,Adult (19-59)
410,0,3,0,12.551755098149242,3,1,,4133,25.4667,,S,F,0,0,1,0,0,0,0,0,1,0,0,5,Teen (13-18)
411,0,3,1,22.97051546401545,0,0,,349222,7.8958,,S,F,0,0,1,0,0,0,0,0,1,0,0,1,Adult (19-59)
412,0,3,1,43.725295008828596,0,0,,394140,6.8583,,Q,F,0,1,0,0,0,0,0,0,1,0,0,1,Adult (19-59)
413,1,1,0,33.0,1,0,,19928,90.0,C78,Q,C,0,1,0,0,0,1,0,0,0,0,0,2,Adult (19-59)
414,0,2,1,33.67689162129582,0,0,,239853,0.0,,S,F,0,0,1,0,0,0,0,0,1,0,0,1,Adult (19-59)
415,1,3,1,44.0,0,0,STON/O,2,31.0,,S,F,0,0,1,0,0,0,0,0,1,0,0,1,Adult (19-59)
416,0,3,0,25.092809873460805,0,0,,343095,8.05,,S,F,0,0,1,0,0,0,0,0,1,0,0,1,Adult (19-59)
417,1,2,0,34.0,1,1,,28220,32.5,,S,F,0,0,1,0,0,0,0,0,1,0,0,3,Adult (19-59)
418,1,2,0,18.0,0,2,,250652,13.0,,S,F,0,0,1,0,0,0,0,0,1,0,0,3,Teen (13-18)
419,0,2,1,30.0,0,0,,28228,13.0,,S,F,0,0,1,0,0,0,0,0,1,0,0,1,Adult (19-59)
420,0,3,0,10.0,0,2,,345773,24.15,,S,F,0,0,1,0,0,0,0,0,1,0,0,3,Child (0-12)
421,0,3,1,60.31953056775639,0,0,,349254,7.8958,,C,F,1,0,0,0,0,0,0,0,1,0,0,1,Senior (60+)
422,0,3,1,21.0,0,0,A/5.,13032,7.7333,,Q,F,0,1,0,0,0,0,0,0,1,0,0,1,Adult (19-59)
423,0,3,1,29.0,0,0,,315082,7.875,,S,F,0,0,1,0,0,0,0,0,1,0,0,1,Adult (19-59)
424,0,3,0,28.0,1,1,,347080,14.4,,S,F,0,0,1,0,0,0,0,0,1,0,0,3,Adult (19-59)
425,0,3,1,18.0,1,1,,370129,20.2125,,S,F,0,0,1,0,0,0,0,0,1,0,0,3,Teen (13-18)
426,0,3,1,31.758507585778904,0,0,A/4.,34244,7.25,,S,F,0,0,1,0,0,0,0,0,1,0,0,1,Adult (19-59)
427,1,2,0,28.0,1,0,,2003,26.0,,S,F,0,0,1,0,0,0,0,0,1,0,0,2,Adult (19-59)
428,1,2,0,19.0,0,0,,250655,26.0,,S,F,0,0,1,0,0,0,0,0,1,0,0,1,Adult (19-59)
429,0,3,1,28.497317582301438,0,0,,364851,7.75,,Q,F,0,1,0,0,0,0,0,0,1,0,0,1,Adult (19-59)
430,1,3,1,32.0,0,0,SOTON/O.Q.,3,8.05,E10,S,E,0,0,1,0,0,0,0,1,0,0,0,1,Adult (19-59)
431,1,1,1,28.0,0,0,,110564,26.55,C52,S,C,0,0,1,0,0,1,0,0,0,0,0,1,Adult (19-59)
432,1,3,0,-2.865577249040758,1,0,,376564,16.1,,S,F,0,0,1,0,0,0,0,0,1,0,0,2,
433,1,2,0,42.0,1,0,SC/AH,3085,26.0,,S,F,0,0,1,0,0,0,0,0,1,0,0,2,Adult (19-59)
434,0,3,1,17.0,0,0,STON/O,2,31.0,,S,F,0,0,1,0,0,0,0,0,1,0,0,1,Teen (13-18)
435,0,1,1,50.0,1,0,,13507,55.9,E44,S,E,0,0,1,0,0,0,0,1,0,0,0,2,Adult (19-59)
436,1,1,0,14.0,1,2,,113760,120.0,B96 B98,S,B,0,0,1,0,1,0,0,0,0,0,0,4,Teen (13-18)
437,0,3,0,21.0,2,2,W./C.,6608,34.375,,S,F,0,0,1,0,0,0,0,0,1,0,0,5,Adult (19-59)
438,1,2,0,24.0,2,3,,29106,18.75,,S,F,0,0,1,0,0,0,0,0,1,0,0,6,Adult (19-59)
439,0,1,1,64.0,1,4,,19950,263.0,C23 C25 C27,S,C,0,0,1,0,0,1,0,0,0,0,0,6,Senior (60+)
440,0,2,1,31.0,0,0,C.A.,18723,10.5,,S,F,0,0,1,0,0,0,0,0,1,0,0,1,Adult (19-59)
441,1,2,0,45.0,1,1,F.C.C.,13529,26.25,,S,F,0,0,1,0,0,0,0,0,1,0,0,3,Adult (19-59)
442,0,3,1,20.0,0,0,,345769,9.5,,S,F,0,0,1,0,0,0,0,0,1,0,0,1,Adult (19-59)
443,0,3,1,25.0,1,0,,347076,7.775,,S,F,0,0,1,0,0,0,0,0,1,0,0,2,Adult (19-59)
444,1,2,0,28.0,0,0,,230434,13.0,,S,F,0,0,1,0,0,0,0,0,1,0,0,1,Adult (19-59)
445,1,3,1,34.12485887289828,0,0,,65306,8.1125,,S,F,0,0,1,0,0,0,0,0,1,0,0,1,Adult (19-59)
446,1,1,1,4.0,0,2,,33638,81.8583,A34,S,A,0,0,1,1,0,0,0,0,0,0,0,3,Child (0-12)
447,1,2,0,13.0,0,1,,250644,19.5,,S,F,0,0,1,0,0,0,0,0,1,0,0,2,Teen (13-18)
448,1,1,1,34.0,0,0,,113794,26.55,,S,C,0,0,1,0,0,1,0,0,0,0,0,1,Adult (19-59)
449,1,3,0,5.0,2,1,,2666,19.2583,,C,F,1,0,0,0,0,0,0,0,1,0,0,4,Child (0-12)
450,1,1,1,52.0,0,0,,113786,30.5,C104,S,C,0,0,1,0,0,1,0,0,0,0,0,1,Adult (19-59)
451,0,2,1,36.0,1,2,C.A.,34651,27.75,,S,F,0,0,1,0,0,0,0,0,1,0,0,4,Adult (19-59)
452,0,3,1,24.308068675731324,1,0,,65303,19.9667,,S,F,0,0,1,0,0,0,0,0,1,0,0,2,Adult (19-59)
453,0,1,1,30.0,0,0,,113051,27.75,C111,C,C,1,0,0,0,0,1,0,0,0,0,0,1,Adult (19-59)
454,1,1,1,49.0,1,0,,17453,89.1042,C92,C,C,1,0,0,0,0,1,0,0,0,0,0,2,Adult (19-59)
455,0,3,1,26.954244830874035,0,0,A/5,2817,8.05,,S,F,0,0,1,0,0,0,0,0,1,0,0,1,Adult (19-59)
456,1,3,1,29.0,0,0,,349240,7.8958,,C,F,1,0,0,0,0,0,0,0,1,0,0,1,Adult (19-59)
457,0,1,1,65.0,0,0,,13509,26.55,E38,S,E,0,0,1,0,0,0,0,1,0,0,0,1,Senior (60+)
458,1,1,0,33.3598718812089,1,0,,17464,51.8625,D21,S,D,0,0,1,0,0,0,1,0,0,0,0,2,Adult (19-59)
459,1,2,0,50.0,0,0,F.C.C.,13531,10.5,,S,F,0,0,1,0,0,0,0,0,1,0,0,1,Adult (19-59)
460,0,3,1,10.303181820205651,0,0,,371060,7.75,,Q,F,0,1,0,0,0,0,0,0,1,0,0,1,Child (0-12)
461,1,1,1,48.0,0,0,,19952,26.55,E12,S,E,0,0,1,0,0,0,0,1,0,0,0,1,Adult (19-59)
462,0,3,1,34.0,0,0,,364506,8.05,,S,F,0,0,1,0,0,0,0,0,1,0,0,1,Adult (19-59)
463,0,1,1,47.0,0,0,,111320,38.5,E63,S,E,0,0,1,0,0,0,0,1,0,0,0,1,Adult (19-59)
464,0,2,1,48.0,0,0,,234360,13.0,,S,F,0,0,1,0,0,0,0,0,1,0,0,1,Adult (19-59)
465,0,3,1,13.980833784555958,0,0,A/S,2816,8.05,,S,F,0,0,1,0,0,0,0,0,1,0,0,1,Teen (13-18)
466,0,3,1,38.0,0,0,SOTON/O.Q.,31,7.05,,S,F,0,0,1,0,0,0,0,0,1,0,0,1,Adult (19-59)
467,0,2,1,45.07107957685484,0,0,,239853,0.0,,S,F,0,0,1,0,0,0,0,0,1,0,0,1,Adult (19-59)
468,0,1,1,56.0,0,0,,113792,26.55,,S,C,0,0,1,0,0,1,0,0,0,0,0,1,Adult (19-59)
469,0,3,1,44.53672340884012,0,0,,36209,7.725,,Q,F,0,1,0,0,0,0,0,0,1,0,0,1,Adult (19-59)
470,1,3,0,0.75,2,1,,2666,19.2583,,C,F,1,0,0,0,0,0,0,0,1,0,0,4,Child (0-12)
471,0,3,1,31.201117773546336,0,0,,323592,7.25,,S,F,0,0,1,0,0,0,0,0,1,0,0,1,Adult (19-59)
472,0,3,1,38.0,0,0,,315089,8.6625,,S,F,0,0,1,0,0,0,0,0,1,0,0,1,Adult (19-59)
473,1,2,0,33.0,1,2,C.A.,34651,27.75,,S,F,0,0,1,0,0,0,0,0,1,0,0,4,Adult (19-59)
474,1,2,0,23.0,0,0,SC/AH,0,13.7917,D,C,D,1,0,0,0,0,0,1,0,0,0,0,1,Adult (19-59)
475,0,3,0,22.0,0,0,,7553,9.8375,,S,F,0,0,1,0,0,0,0,0,1,0,0,1,Adult (19-59)
476,0,1,1,40.08088383339469,0,0,,110465,52.0,A14,S,A,0,0,1,1,0,0,0,0,0,0,0,1,Adult (19-59)
477,0,2,1,34.0,1,0,,31027,21.0,,S,F,0,0,1,0,0,0,0,0,1,0,0,2,Adult (19-59)
478,0,3,1,29.0,1,0,,3460,7.0458,,S,F,0,0,1,0,0,0,0,0,1,0,0,2,Adult (19-59)
479,0,3,1,22.0,0,0,,350060,7.5208,,S,F,0,0,1,0,0,0,0,0,1,0,0,1,Adult (19-59)
480,1,3,0,2.0,0,1,,3101298,12.2875,,S,F,0,0,1,0,0,0,0,0,1,0,0,2,Child (0-12)
481,0,3,1,9.0,5,2,CA,2144,46.9,,S,F,0,0,1,0,0,0,0,0,1,0,0,8,Child (0-12)
482,0,2,1,45.95577013142154,0,0,,239854,0.0,,S,F,0,0,1,0,0,0,0,0,1,0,0,1,Adult (19-59)
483,0,3,1,50.0,0,0,A/5,3594,8.05,,S,F,0,0,1,0,0,0,0,0,1,0,0,1,Adult (19-59)
484,1,3,0,63.0,0,0,,4134,9.5875,,S,F,0,0,1,0,0,0,0,0,1,0,0,1,Senior (60+)
485,1,1,1,25.0,1,0,,11967,91.0792,B49,C,B,1,0,0,0,1,0,0,0,0,0,0,2,Adult (19-59)
486,0,3,0,20.797581612632094,3,1,,4133,25.4667,,S,F,0,0,1,0,0,0,0,0,1,0,0,5,Adult (19-59)
487,1,1,0,35.0,1,0,,19943,90.0,C93,S,C,0,0,1,0,0,1,0,0,0,0,0,2,Adult (19-59)
488,0,1,1,58.0,0,0,,11771,29.7,B37,C,B,1,0,0,0,1,0,0,0,0,0,0,1,Adult (19-59)
489,0,3,1,30.0,0,0,A.5.,18509,8.05,,S,F,0,0,1,0,0,0,0,0,1,0,0,1,Adult (19-59)
490,1,3,1,9.0,1,1,C.A.,37671,15.9,,S,F,0,0,1,0,0,0,0,0,1,0,0,3,Child (0-12)
491,0,3,1,23.13135140043255,1,0,,65304,19.9667,,S,F,0,0,1,0,0,0,0,0,1,0,0,2,Adult (19-59)
492,0,3,1,21.0,0,0,SOTON/OQ,31,7.25,,S,F,0,0,1,0,0,0,0,0,1,0,0,1,Adult (19-59)
493,0,1,1,55.0,0,0,,113787,30.5,C30,S,C,0,0,1,0,0,1,0,0,0,0,0,1,Adult (19-59)
494,0,1,1,71.0,0,0,PC,17609,49.5042,,C,C,1,0,0,0,0,1,0,0,0,0,0,1,Senior (60+)
495,0,3,1,21.0,0,0,A/4,45380,8.05,,S,F,0,0,1,0,0,0,0,0,1,0,0,1,Adult (19-59)
496,0,3,1,48.91749323118782,0,0,,2627,14.4583,,C,F,1,0,0,0,0,0,0,0,1,0,0,1,Adult (19-59)
497,1,1,0,54.0,1,0,,36947,78.2667,D20,C,D,1,0,0,0,0,0,1,0,0,0,0,2,Adult (19-59)
498,0,3,1,25.862092560977967,0,0,C.A.,6212,15.1,,S,F,0,0,1,0,0,0,0,0,1,0,0,1,Adult (19-59)
499,0,1,0,25.0,1,2,,113781,151.55,C22 C26,S,C,0,0,1,0,0,1,0,0,0,0,0,4,Adult (19-59)
500,0,3,1,24.0,0,0,,350035,7.7958,,S,F,0,0,1,0,0,0,0,0,1,0,0,1,Adult (19-59)
501,0,3,1,17.0,0,0,,315086,8.6625,,S,F,0,0,1,0,0,0,0,0,1,0,0,1,Teen (13-18)
502,0,3,0,21.0,0,0,,364846,7.75,,Q,F,0,1,0,0,0,0,0,0,1,0,0,1,Adult (19-59)
503,0,3,0,-19.0073897841174,0,0,,330909,7.6292,,Q,F,0,1,0,0,0,0,0,0,1,0,0,1,
504,0,3,0,37.0,0,0,,4135,9.5875,,S,F,0,0,1,0,0,0,0,0,1,0,0,1,Adult (19-59)
505,1,1,0,16.0,0,0,,110152,86.5,B79,S,B,0,0,1,0,1,0,0,0,0,0,0,1,Teen (13-18)
506,0,1,1,18.0,1,0,PC,17758,108.9,C65,C,C,1,0,0,0,0,1,0,0,0,0,0,2,Teen (13-18)
507,1,2,0,33.0,0,2,,26360,26.0,,S,F,0,0,1,0,0,0,0,0,1,0,0,3,Adult (19-59)
508,1,1,1,43.16536548899527,0,0,,111427,26.55,,S,C,0,0,1,0,0,1,0,0,0,0,0,1,Adult (19-59)
509,0,3,1,28.0,0,0,C,4001,22.525,,S,F,0,0,1,0,0,0,0,0,1,0,0,1,Adult (19-59)
510,1,3,1,26.0,0,0,,1601,56.4958,,S,F,0,0,1,0,0,0,0,0,1,0,0,1,Adult (19-59)
511,1,3,1,29.0,0,0,,382651,7.75,,Q,F,0,1,0,0,0,0,0,0,1,0,0,1,Adult (19-59)
512,0,3,1,56.311906394123966,0,0,SOTON/OQ,31,8.05,,S,F,0,0,1,0,0,0,0,0,1,0,0,1,Adult (19-59)
513,1,1,1,36.0,0,0,PC,17473,26.2875,E25,S,E,0,0,1,0,0,0,0,1,0,0,0,1,Adult (19-59)
514,1,1,0,54.0,1,0,PC,17603,59.4,,C,C,1,0,0,0,0,1,0,0,0,0,0,2,Adult (19-59)
515,0,3,1,24.0,0,0,,349209,7.4958,,S,F,0,0,1,0,0,0,0,0,1,0,0,1,Adult (19-59)
516,0,1,1,47.0,0,0,,36967,34.0208,D46,S,D,0,0,1,0,0,0,1,0,0,0,0,1,Adult (19-59)
517,1,2,0,34.0,0,0,C.A.,34260,10.5,F33,S,F,0,0,1,0,0,0,0,0,1,0,0,1,Adult (19-59)
518,0,3,1,26.848384896936608,0,0,,371110,24.15,,Q,F,0,1,0,0,0,0,0,0,1,0,0,1,Adult (19-59)
519,1,2,0,36.0,1,0,,226875,26.0,,S,F,0,0,1,0,0,0,0,0,1,0,0,2,Adult (19-59)
520,0,3,1,32.0,0,0,,349242,7.8958,,S,F,0,0,1,0,0,0,0,0,1,0,0,1,Adult (19-59)
521,1,1,0,30.0,0,0,,12749,93.5,B73,S,B,0,0,1,0,1,0,0,0,0,0,0,1,Adult (19-59)
522,0,3,1,22.0,0,0,,349252,7.8958,,S,F,0,0,1,0,0,0,0,0,1,0,0,1,Adult (19-59)
523,0,3,1,34.14240393096954,0,0,,2624,7.225,,C,F,1,0,0,0,0,0,0,0,1,0,0,1,Adult (19-59)
524,1,1,0,44.0,0,1,,111361,57.9792,B18,C,B,1,0,0,0,1,0,0,0,0,0,0,2,Adult (19-59)
525,0,3,1,19.868917928172287,0,0,,2700,7.2292,,C,F,1,0,0,0,0,0,0,0,1,0,0,1,Adult (19-59)
526,0,3,1,40.5,0,0,,367232,7.75,,Q,F,0,1,0,0,0,0,0,0,1,0,0,1,Adult (19-59)
527,1,2,0,50.0,0,0,W./C.,14258,10.5,,S,F,0,0,1,0,0,0,0,0,1,0,0,1,Adult (19-59)
528,0,1,1,37.36625499174424,0,0,PC,17483,221.7792,C95,S,C,0,0,1,0,0,1,0,0,0,0,0,1,Adult (19-59)
529,0,3,1,39.0,0,0,,3101296,7.925,,S,F,0,0,1,0,0,0,0,0,1,0,0,1,Adult (19-59)
530,0,2,1,23.0,2,1,,29104,11.5,,S,F,0,0,1,0,0,0,0,0,1,0,0,4,Adult (19-59)
531,1,2,0,2.0,1,1,,26360,26.0,,S,F,0,0,1,0,0,0,0,0,1,0,0,3,Child (0-12)
532,0,3,1,16.22466654399482,0,0,,2641,7.2292,,C,F,1,0,0,0,0,0,0,0,1,0,0,1,Teen (13-18)
533,0,3,1,17.0,1,1,,2690,7.2292,,C,F,1,0,0,0,0,0,0,0,1,0,0,3,Teen (13-18)
534,1,3,0,12.452794429295208,0,2,,2668,22.3583,,C,F,1,0,0,0,0,0,0,0,1,0,0,3,Teen (13-18)
535,0,3,0,30.0,0,0,,315084,8.6625,,S,F,0,0,1,0,0,0,0,0,1,0,0,1,Adult (19-59)
536,1,2,0,7.0,0,2,F.C.C.,13529,26.25,,S,F,0,0,1,0,0,0,0,0,1,0,0,3,Child (0-12)
537,0,1,1,45.0,0,0,,113050,26.55,B38,S,B,0,0,1,0,1,0,0,0,0,0,0,1,Adult (19-59)
538,1,1,0,30.0,0,0,PC,17761,106.425,,C,C,1,0,0,0,0,1,0,0,0,0,0,1,Adult (19-59)
539,0,3,1,54.62295027695281,0,0,,364498,14.5,,S,F,0,0,1,0,0,0,0,0,1,0,0,1,Adult (19-59)
540,1,1,0,22.0,0,2,,13568,49.5,B39,C,B,1,0,0,0,1,0,0,0,0,0,0,3,Adult (19-59)
541,1,1,0,36.0,0,2,WE/P,5735,71.0,B22,S,B,0,0,1,0,1,0,0,0,0,0,0,3,Adult (19-59)
542,0,3,0,9.0,4,2,,347082,31.275,,S,F,0,0,1,0,0,0,0,0,1,0,0,7,Child (0-12)
543,0,3,0,11.0,4,2,,347082,31.275,,S,F,0,0,1,0,0,0,0,0,1,0,0,7,Child (0-12)
544,1,2,1,32.0,1,0,,2908,26.0,,S,F,0,0,1,0,0,0,0,0,1,0,0,2,Adult (19-59)
545,0,1,1,50.0,1,0,PC,17761,106.425,C86,C,C,1,0,0,0,0,1,0,0,0,0,0,2,Adult (19-59)
546,0,1,1,64.0,0,0,,693,26.0,,S,C,0,0,1,0,0,1,0,0,0,0,0,1,Senior (60+)
547,1,2,0,19.0,1,0,,2908,26.0,,S,F,0,0,1,0,0,0,0,0,1,0,0,2,Adult (19-59)
548,1,2,1,23.50183174329702,0,0,SC/PARIS,2146,13.8625,,C,F,1,0,0,0,0,0,0,0,1,0,0,1,Adult (19-59)
549,0,3,1,33.0,1,1,,363291,20.525,,S,F,0,0,1,0,0,0,0,0,1,0,0,3,Adult (19-59)
550,1,2,1,8.0,1,1,C.A.,33112,36.75,,S,F,0,0,1,0,0,0,0,0,1,0,0,3,Child (0-12)
551,1,1,1,17.0,0,2,,17421,110.8833,C70,C,C,1,0,0,0,0,1,0,0,0,0,0,3,Teen (13-18)
552,0,2,1,27.0,0,0,,244358,26.0,,S,F,0,0,1,0,0,0,0,0,1,0,0,1,Adult (19-59)
553,0,3,1,22.542162647965025,0,0,,330979,7.8292,,Q,F,0,1,0,0,0,0,0,0,1,0,0,1,Adult (19-59)
554,1,3,1,22.0,0,0,,2620,7.225,,C,F,1,0,0,0,0,0,0,0,1,0,0,1,Adult (19-59)
555,1,3,0,22.0,0,0,,347085,7.775,,S,F,0,0,1,0,0,0,0,0,1,0,0,1,Adult (19-59)
556,0,1,1,62.0,0,0,,113807,26.55,,S,C,0,0,1,0,0,1,0,0,0,0,0,1,Senior (60+)
557,1,1,0,48.0,1,0,,11755,39.6,A16,C,A,1,0,0,1,0,0,0,0,0,0,0,2,Adult (19-59)
558,0,1,1,39.97581205868711,0,0,PC,17757,227.525,,C,C,1,0,0,0,0,1,0,0,0,0,0,1,Adult (19-59)
559,1,1,0,39.0,1,1,,110413,79.65,E67,S,E,0,0,1,0,0,0,0,1,0,0,0,3,Adult (19-59)
560,1,3,0,36.0,1,0,,345572,17.4,,S,F,0,0,1,0,0,0,0,0,1,0,0,2,Adult (19-59)
561,0,3,1,4.69380714090164,0,0,,372622,7.75,,Q,F,0,1,0,0,0,0,0,0,1,0,0,1,Child (0-12)
562,0,3,1,40.0,0,0,,349251,7.8958,,S,F,0,0,1,0,0,0,0,0,1,0,0,1,Adult (19-59)
563,0,2,1,28.0,0,0,,218629,13.5,,S,F,0,0,1,0,0,0,0,0,1,0,0,1,Adult (19-59)
564,0,3,1,-8.338878117118938,0,0,SOTON/OQ,3,8.05,,S,F,0,0,1,0,0,0,0,0,1,0,0,1,
565,0,3,0,28.13935698321269,0,0,SOTON/O.Q.,3,8.05,,S,F,0,0,1,0,0,0,0,0,1,0,0,1,Adult (19-59)
566,0,3,1,24.0,2,0,A/4,48871,24.15,,S,F,0,0,1,0,0,0,0,0,1,0,0,3,Adult (19-59)
567,0,3,1,19.0,0,0,,349205,7.8958,,S,F,0,0,1,0,0,0,0,0,1,0,0,1,Adult (19-59)
568,0,3,0,29.0,0,4,,349909,21.075,,S,F,0,0,1,0,0,0,0,0,1,0,0,5,Adult (19-59)
569,0,3,1,38.112346737478376,0,0,,2686,7.2292,,C,F,1,0,0,0,0,0,0,0,1,0,0,1,Adult (19-59)
570,1,3,1,32.0,0,0,,350417,7.8542,,S,F,0,0,1,0,0,0,0,0,1,0,0,1,Adult (19-59)
571,1,2,1,62.0,0,0,S.W./PP,752,10.5,,S,F,0,0,1,0,0,0,0,0,1,0,0,1,Senior (60+)
572,1,1,0,53.0,2,0,,11769,51.4792,C101,S,C,0,0,1,0,0,1,0,0,0,0,0,3,Adult (19-59)
573,1,1,1,36.0,0,0,PC,17474,26.3875,E25,S,E,0,0,1,0,0,0,0,1,0,0,0,1,Adult (19-59)
574,1,3,0,33.795506931194254,0,0,,14312,7.75,,Q,F,0,1,0,0,0,0,0,0,1,0,0,1,Adult (19-59)
575,0,3,1,16.0,0,0,A/4.,20589,8.05,,S,F,0,0,1,0,0,0,0,0,1,0,0,1,Teen (13-18)
576,0,3,1,19.0,0,0,,358585,14.5,,S,F,0,0,1,0,0,0,0,0,1,0,0,1,Adult (19-59)
577,1,2,0,34.0,0,0,,243880,13.0,,S,F,0,0,1,0,0,0,0,0,1,0,0,1,Adult (19-59)
578,1,1,0,39.0,1,0,,13507,55.9,E44,S,E,0,0,1,0,0,0,0,1,0,0,0,2,Adult (19-59)
579,0,3,0,43.38052901795645,1,0,,2689,14.4583,,C,F,1,0,0,0,0,0,0,0,1,0,0,2,Adult (19-59)
580,1,3,1,32.0,0,0,STON/O,2,31.0,,S,F,0,0,1,0,0,0,0,0,1,0,0,1,Adult (19-59)
581,1,2,0,25.0,1,1,,237789,30.0,,S,F,0,0,1,0,0,0,0,0,1,0,0,3,Adult (19-59)
582,1,1,0,39.0,1,1,,17421,110.8833,C68,C,C,1,0,0,0,0,1,0,0,0,0,0,3,Adult (19-59)
583,0,2,1,54.0,0,0,,28403,26.0,,S,F,0,0,1,0,0,0,0,0,1,0,0,1,Adult (19-59)
584,0,1,1,36.0,0,0,,13049,40.125,A10,C,A,1,0,0,1,0,0,0,0,0,0,0,1,Adult (19-59)
585,0,3,1,35.99935797852292,0,0,,3411,8.7125,,C,F,1,0,0,0,0,0,0,0,1,0,0,1,Adult (19-59)
586,1,1,0,18.0,0,2,,110413,79.65,E68,S,E,0,0,1,0,0,0,0,1,0,0,0,3,Teen (13-18)
587,0,2,1,47.0,0,0,,237565,15.0,,S,F,0,0,1,0,0,0,0,0,1,0,0,1,Adult (19-59)
588,1,1,1,60.0,1,1,,13567,79.2,B41,C,B,1,0,0,0,1,0,0,0,0,0,0,3,Adult (19-59)
589,0,3,1,22.0,0,0,,14973,8.05,,S,F,0,0,1,0,0,0,0,0,1,0,0,1,Adult (19-59)
590,0,3,1,46.28566592494804,0,0,A./5.,3235,8.05,,S,F,0,0,1,0,0,0,0,0,1,0,0,1,Adult (19-59)
591,0,3,1,35.0,0,0,STON/O,2,31.0,,S,F,0,0,1,0,0,0,0,0,1,0,0,1,Adult (19-59)
592,1,1,0,52.0,1,0,,36947,78.2667,D20,C,D,1,0,0,0,0,0,1,0,0,0,0,2,Adult (19-59)
593,0,3,1,47.0,0,0,A/5,3902,7.25,,S,F,0,0,1,0,0,0,0,0,1,0,0,1,Adult (19-59)
594,0,3,0,21.399051961990825,0,2,,364848,7.75,,Q,F,0,1,0,0,0,0,0,0,1,0,0,3,Adult (19-59)
595,0,2,1,37.0,1,0,SC/AH,29037,26.0,,S,F,0,0,1,0,0,0,0,0,1,0,0,2,Adult (19-59)
596,0,3,1,36.0,1,1,,345773,24.15,,S,F,0,0,1,0,0,0,0,0,1,0,0,3,Adult (19-59)
597,1,2,0,9.013117649027002,0,0,,248727,33.0,,S,F,0,0,1,0,0,0,0,0,1,0,0,1,Child (0-12)
598,0,3,1,49.0,0,0,LINE,0,0.0,,S,F,0,0,1,0,0,0,0,0,1,0,0,1,Adult (19-59)
599,0,3,1,40.97997134350822,0,0,,2664,7.225,,C,F,1,0,0,0,0,0,0,0,1,0,0,1,Adult (19-59)
600,1,1,1,49.0,1,0,PC,17485,56.9292,A20,C,A,1,0,0,1,0,0,0,0,0,0,0,2,Adult (19-59)
601,1,2,0,24.0,2,1,,243847,27.0,,S,F,0,0,1,0,0,0,0,0,1,0,0,4,Adult (19-59)
602,0,3,1,16.744942108033364,0,0,,349214,7.8958,,S,F,0,0,1,0,0,0,0,0,1,0,0,1,Teen (13-18)
603,0,1,1,47.83807992689623,0,0,,113796,42.4,,S,C,0,0,1,0,0,1,0,0,0,0,0,1,Adult (19-59)
604,0,3,1,44.0,0,0,,364511,8.05,,S,F,0,0,1,0,0,0,0,0,1,0,0,1,Adult (19-59)
605,1,1,1,35.0,0,0,,111426,26.55,,C,C,1,0,0,0,0,1,0,0,0,0,0,1,Adult (19-59)
606,0,3,1,36.0,1,0,,349910,15.55,,S,F,0,0,1,0,0,0,0,0,1,0,0,2,Adult (19-59)
607,0,3,1,30.0,0,0,,349246,7.8958,,S,F,0,0,1,0,0,0,0,0,1,0,0,1,Adult (19-59)
608,1,1,1,27.0,0,0,,113804,30.5,,S,C,0,0,1,0,0,1,0,0,0,0,0,1,Adult (19-59)
609,1,2,0,22.0,1,2,SC/Paris,2123,41.5792,,C,F,1,0,0,0,0,0,0,0,1,0,0,4,Adult (19-59)
610,1,1,0,40.0,0,0,PC,17582,153.4625,C125,S,C,0,0,1,0,0,1,0,0,0,0,0,1,Adult (19-59)
611,0,3,0,39.0,1,5,,347082,31.275,,S,F,0,0,1,0,0,0,0,0,1,0,0,7,Adult (19-59)
612,0,3,1,33.34439008433879,0,0,SOTON/O.Q.,31,7.05,,S,F,0,0,1,0,0,0,0,0,1,0,0,1,Adult (19-59)
613,1,3,0,13.30641687566188,1,0,,367230,15.5,,Q,F,0,1,0,0,0,0,0,0,1,0,0,2,Teen (13-18)
614,0,3,1,8.61106355060232,0,0,,370377,7.75,,Q,F,0,1,0,0,0,0,0,0,1,0,0,1,Child (0-12)
615,0,3,1,35.0,0,0,,364512,8.05,,S,F,0,0,1,0,0,0,0,0,1,0,0,1,Adult (19-59)
616,1,2,0,24.0,1,2,,220845,65.0,,S,F,0,0,1,0,0,0,0,0,1,0,0,4,Adult (19-59)
617,0,3,1,34.0,1,1,,347080,14.4,,S,F,0,0,1,0,0,0,0,0,1,0,0,3,Adult (19-59)
618,0,3,0,26.0,1,0,A/5.,3336,16.1,,S,F,0,0,1,0,0,0,0,0,1,0,0,2,Adult (19-59)
619,1,2,0,4.0,2,1,,230136,39.0,F4,S,F,0,0,1,0,0,0,0,0,1,0,0,4,Child (0-12)
620,0,2,1,26.0,0,0,,31028,10.5,,S,F,0,0,1,0,0,0,0,0,1,0,0,1,Adult (19-59)
621,0,3,1,27.0,1,0,,2659,14.4542,,C,F,1,0,0,0,0,0,0,0,1,0,0,2,Adult (19-59)
622,1,1,1,42.0,1,0,,11753,52.5542,D19,S,D,0,0,1,0,0,0,1,0,0,0,0,2,Adult (19-59)
623,1,3,1,20.0,1,1,,2653,15.7417,,C,F,1,0,0,0,0,0,0,0,1,0,0,3,Adult (19-59)
624,0,3,1,21.0,0,0,,350029,7.8542,,S,F,0,0,1,0,0,0,0,0,1,0,0,1,Adult (19-59)
625,0,3,1,21.0,0,0,,54636,16.1,,S,F,0,0,1,0,0,0,0,0,1,0,0,1,Adult (19-59)
626,0,1,1,61.0,0,0,,36963,32.3208,D50,S,D,0,0,1,0,0,0,1,0,0,0,0,1,Senior (60+)
627,0,2,1,57.0,0,0,,219533,12.35,,Q,F,0,1,0,0,0,0,0,0,1,0,0,1,Adult (19-59)
628,1,1,0,21.0,0,0,,13502,77.9583,D9,S,D,0,0,1,0,0,0,1,0,0,0,0,1,Adult (19-59)
629,0,3,1,26.0,0,0,,349224,7.8958,,S,F,0,0,1,0,0,0,0,0,1,0,0,1,Adult (19-59)
630,0,3,1,5.184741274093039,0,0,,334912,7.7333,,Q,F,0,1,0,0,0,0,0,0,1,0,0,1,Child (0-12)
631,1,1,1,80.0,0,0,,27042,30.0,A23,S,A,0,0,1,1,0,0,0,0,0,0,0,1,Senior (60+)
632,0,3,1,51.0,0,0,,347743,7.0542,,S,F,0,0,1,0,0,0,0,0,1,0,0,1,Adult (19-59)
633,1,1,1,32.0,0,0,,13214,30.5,B50,C,B,1,0,0,0,1,0,0,0,0,0,0,1,Adult (19-59)
634,0,1,1,26.14864294784543,0,0,,112052,0.0,,S,C,0,0,1,0,0,1,0,0,0,0,0,1,Adult (19-59)
635,0,3,0,9.0,3,2,,347088,27.9,,S,F,0,0,1,0,0,0,0,0,1,0,0,6,Child (0-12)
636,1,2,0,28.0,0,0,,237668,13.0,,S,F,0,0,1,0,0,0,0,0,1,0,0,1,Adult (19-59)
637,0,3,1,32.0,0,0,STON/O,2,31.0,,S,F,0,0,1,0,0,0,0,0,1,0,0,1,Adult (19-59)
638,0,2,1,31.0,1,1,C.A.,31921,26.25,,S,F,0,0,1,0,0,0,0,0,1,0,0,3,Adult (19-59)
639,0,3,0,41.0,0,5,,3101295,39.6875,,S,F,0,0,1,0,0,0,0,0,1,0,0,6,Adult (19-59)
640,0,3,1,37.38278483060633,1,0,,376564,16.1,,S,F,0,0,1,0,0,0,0,0,1,0,0,2,Adult (19-59)
641,0,3,1,20.0,0,0,,350050,7.8542,,S,F,0,0,1,0,0,0,0,0,1,0,0,1,Adult (19-59)
642,1,1,0,24.0,0,0,PC,17477,69.3,B35,C,B,1,0,0,0,1,0,0,0,0,0,0,1,Adult (19-59)
643,0,3,0,2.0,3,2,,347088,27.9,,S,F,0,0,1,0,0,0,0,0,1,0,0,6,Child (0-12)
644,1,3,1,32.969035352995604,0,0,,1601,56.4958,,S,F,0,0,1,0,0,0,0,0,1,0,0,1,Adult (19-59)
645,1,3,0,0.75,2,1,,2666,19.2583,,C,F,1,0,0,0,0,0,0,0,1,0,0,4,Child (0-12)
646,1,1,1,48.0,1,0,PC,17572,76.7292,D33,C,D,1,0,0,0,0,0,1,0,0,0,0,2,Adult (19-59)
647,0,3,1,19.0,0,0,,349231,7.8958,,S,F,0,0,1,0,0,0,0,0,1,0,0,1,Adult (19-59)
648,1,1,1,56.0,0,0,,13213,35.5,A26,C,A,1,0,0,1,0,0,0,0,0,0,0,1,Adult (19-59)
649,0,3,1,29.430435541680957,0,0,S.O./P.P.,751,7.55,,S,F,0,0,1,0,0,0,0,0,1,0,0,1,Adult (19-59)
650,1,3,0,23.0,0,0,CA.,2314,7.55,,S,F,0,0,1,0,0,0,0,0,1,0,0,1,Adult (19-59)
651,0,3,1,39.328112712524884,0,0,,349221,7.8958,,S,F,0,0,1,0,0,0,0,0,1,0,0,1,Adult (19-59)
652,1,2,0,18.0,0,1,,231919,23.0,,S,F,0,0,1,0,0,0,0,0,1,0,0,2,Teen (13-18)
653,0,3,1,21.0,0,0,,8475,8.4333,,S,F,0,0,1,0,0,0,0,0,1,0,0,1,Adult (19-59)
654,1,3,0,18.146976917461163,0,0,,330919,7.8292,,Q,F,0,1,0,0,0,0,0,0,1,0,0,1,Adult (19-59)
655,0,3,0,18.0,0,0,,365226,6.75,,Q,F,0,1,0,0,0,0,0,0,1,0,0,1,Teen (13-18)
656,0,2,1,24.0,2,0,S.O.C.,14879,73.5,,S,F,0,0,1,0,0,0,0,0,1,0,0,3,Adult (19-59)
657,0,3,1,11.869842542951336,0,0,,349223,7.8958,,S,F,0,0,1,0,0,0,0,0,1,0,0,1,Child (0-12)
658,0,3,0,32.0,1,1,,364849,15.5,,Q,F,0,1,0,0,0,0,0,0,1,0,0,3,Adult (19-59)
659,0,2,1,23.0,0,0,,29751,13.0,,S,F,0,0,1,0,0,0,0,0,1,0,0,1,Adult (19-59)
660,0,1,1,58.0,0,2,,35273,113.275,D48,C,D,1,0,0,0,0,0,1,0,0,0,0,3,Adult (19-59)
661,1,1,1,50.0,2,0,PC,17611,133.65,,S,C,0,0,1,0,0,1,0,0,0,0,0,3,Adult (19-59)
662,0,3,1,40.0,0,0,,2623,7.225,,C,F,1,0,0,0,0,0,0,0,1,0,0,1,Adult (19-59)
663,0,1,1,47.0,0,0,,5727,25.5875,E58,S,E,0,0,1,0,0,0,0,1,0,0,0,1,Adult (19-59)
664,0,3,1,36.0,0,0,,349210,7.4958,,S,F,0,0,1,0,0,0,0,0,1,0,0,1,Adult (19-59)
665,1,3,1,20.0,1,0,STON/O,2,31.0,,S,F,0,0,1,0,0,0,0,0,1,0,0,2,Adult (19-59)
666,0,2,1,32.0,2,0,S.O.C.,14879,73.5,,S,F,0,0,1,0,0,0,0,0,1,0,0,3,Adult (19-59)
667,0,2,1,25.0,0,0,,234686,13.0,,S,F,0,0,1,0,0,0,0,0,1,0,0,1,Adult (19-59)
668,0,3,1,44.37941060190965,0,0,,312993,7.775,,S,F,0,0,1,0,0,0,0,0,1,0,0,1,Adult (19-59)
669,0,3,1,43.0,0,0,A/5,3536,8.05,,S,F,0,0,1,0,0,0,0,0,1,0,0,1,Adult (19-59)
670,1,1,0,24.25600471924838,1,0,,19996,52.0,C126,S,C,0,0,1,0,0,1,0,0,0,0,0,2,Adult (19-59)
671,1,2,0,40.0,1,1,,29750,39.0,,S,F,0,0,1,0,0,0,0,0,1,0,0,3,Adult (19-59)
672,0,1,1,31.0,1,0,F.C.,12750,52.0,B71,S,B,0,0,1,0,1,0,0,0,0,0,0,2,Adult (19-59)
673,0,2,1,70.0,0,0,C.A.,24580,10.5,,S,F,0,0,1,0,0,0,0,0,1,0,0,1,Senior (60+)
674,1,2,1,31.0,0,0,,244270,13.0,,S,F,0,0,1,0,0,0,0,0,1,0,0,1,Adult (19-59)
675,0,2,1,2.063746116276427,0,0,,239856,0.0,,S,F,0,0,1,0,0,0,0,0,1,0,0,1,Child (0-12)
676,0,3,1,18.0,0,0,,349912,7.775,,S,F,0,0,1,0,0,0,0,0,1,0,0,1,Teen (13-18)
677,0,3,1,24.5,0,0,,342826,8.05,,S,F,0,0,1,0,0,0,0,0,1,0,0,1,Adult (19-59)
678,1,3,0,18.0,0,0,,4138,9.8417,,S,F,0,0,1,0,0,0,0,0,1,0,0,1,Teen (13-18)
679,0,3,0,43.0,1,6,CA,2144,46.9,,S,F,0,0,1,0,0,0,0,0,1,0,0,8,Adult (19-59)
680,1,1,1,36.0,0,1,PC,17755,512.3292,B51 B53 B55,C,B,1,0,0,0,1,0,0,0,0,0,0,2,Adult (19-59)
681,0,3,0,-3.442835567735692,0,0,,330935,8.1375,,Q,F,0,1,0,0,0,0,0,0,1,0,0,1,
682,1,1,1,27.0,0,0,PC,17572,76.7292,D49,C,D,1,0,0,0,0,0,1,0,0,0,0,1,Adult (19-59)
683,0,3,1,20.0,0,0,,2144,9.225,,S,F,0,0,1,0,0,0,0,0,1,0,0,1,Adult (19-59)
684,0,3,1,14.0,5,2,CA,2144,46.9,,S,F,0,0,1,0,0,0,0,0,1,0,0,8,Teen (13-18)
685,0,2,1,60.0,1,1,,29750,39.0,,S,F,0,0,1,0,0,0,0,0,1,0,0,3,Adult (19-59)
686,0,2,1,25.0,1,2,SC/Paris,2123,41.5792,,C,F,1,0,0,0,0,0,0,0,1,0,0,4,Adult (19-59)
687,0,3,1,14.0,4,1,,3101295,39.6875,,S,F,0,0,1,0,0,0,0,0,1,0,0,6,Teen (13-18)
688,0,3,1,19.0,0,0,,349228,10.1708,,S,F,0,0,1,0,0,0,0,0,1,0,0,1,Adult (19-59)
689,0,3,1,18.0,0,0,,350036,7.7958,,S,F,0,0,1,0,0,0,0,0,1,0,0,1,Teen (13-18)
690,1,1,0,15.0,0,1,,24160,211.3375,B5,S,B,0,0,1,0,1,0,0,0,0,0,0,2,Teen (13-18)
691,1,1,1,31.0,1,0,,17474,57.0,B20,S,B,0,0,1,0,1,0,0,0,0,0,0,2,Adult (19-59)
692,1,3,0,4.0,0,1,,349256,13.4167,,C,F,1,0,0,0,0,0,0,0,1,0,0,2,Child (0-12)
693,1,3,1,26.4361889944829,0,0,,1601,56.4958,,S,F,0,0,1,0,0,0,0,0,1,0,0,1,Adult (19-59)
694,0,3,1,25.0,0,0,,2672,7.225,,C,F,1,0,0,0,0,0,0,0,1,0,0,1,Adult (19-59)
695,0,1,1,60.0,0,0,,113800,26.55,,S,C,0,0,1,0,0,1,0,0,0,0,0,1,Adult (19-59)
696,0,2,1,52.0,0,0,,248731,13.5,,S,F,0,0,1,0,0,0,0,0,1,0,0,1,Adult (19-59)
697,0,3,1,44.0,0,0,,363592,8.05,,S,F,0,0,1,0,0,0,0,0,1,0,0,1,Adult (19-59)
698,1,3,0,42.11862459310571,0,0,,35852,7.7333,,Q,F,0,1,0,0,0,0,0,0,1,0,0,1,Adult (19-59)
699,0,1,1,49.0,1,1,,17421,110.8833,C68,C,C,1,0,0,0,0,1,0,0,0,0,0,3,Adult (19-59)
700,0,3,1,42.0,0,0,,348121,7.65,F G63,S,F,0,0,1,0,0,0,0,0,1,0,0,1,Adult (19-59)
701,1,1,0,18.0,1,0,PC,17757,227.525,C62 C64,C,C,1,0,0,0,0,1,0,0,0,0,0,2,Teen (13-18)
702,1,1,1,35.0,0,0,PC,17475,26.2875,E24,S,E,0,0,1,0,0,0,0,1,0,0,0,1,Adult (19-59)
703,0,3,0,18.0,0,1,,2691,14.4542,,C,F,1,0,0,0,0,0,0,0,1,0,0,2,Teen (13-18)
704,0,3,1,25.0,0,0,,36864,7.7417,,Q,F,0,1,0,0,0,0,0,0,1,0,0,1,Adult (19-59)
705,0,3,1,26.0,1,0,,350025,7.8542,,S,F,0,0,1,0,0,0,0,0,1,0,0,2,Adult (19-59)
706,0,2,1,39.0,0,0,,250655,26.0,,S,F,0,0,1,0,0,0,0,0,1,0,0,1,Adult (19-59)
707,1,2,0,45.0,0,0,,223596,13.5,,S,F,0,0,1,0,0,0,0,0,1,0,0,1,Adult (19-59)
708,1,1,1,42.0,0,0,PC,17476,26.2875,E24,S,E,0,0,1,0,0,0,0,1,0,0,0,1,Adult (19-59)
709,1,1,0,22.0,0,0,,113781,151.55,,S,C,0,0,1,0,0,1,0,0,0,0,0,1,Adult (19-59)
710,1,3,1,20.730792363176203,1,1,,2661,15.2458,,C,F,1,0,0,0,0,0,0,0,1,0,0,3,Adult (19-59)
711,1,1,0,24.0,0,0,PC,17482,49.5042,C90,C,C,1,0,0,0,0,1,0,0,0,0,0,1,Adult (19-59)
712,0,1,1,13.085818071831575,0,0,,113028,26.55,C124,S,C,0,0,1,0,0,1,0,0,0,0,0,1,Teen (13-18)
713,1,1,1,48.0,1,0,,19996,52.0,C126,S,C,0,0,1,0,0,1,0,0,0,0,0,2,Adult (19-59)
714,0,3,1,29.0,0,0,,7545,9.4833,,S,F,0,0,1,0,0,0,0,0,1,0,0,1,Adult (19-59)
715,0,2,1,52.0,0,0,,250647,13.0,,S,F,0,0,1,0,0,0,0,0,1,0,0,1,Adult (19-59)
716,0,3,1,19.0,0,0,,348124,7.65,F G73,S,F,0,0,1,0,0,0,0,0,1,0,0,1,Adult (19-59)
717,1,1,0,38.0,0,0,PC,17757,227.525,C45,C,C,1,0,0,0,0,1,0,0,0,0,0,1,Adult (19-59)
718,1,2,0,27.0,0,0,,34218,10.5,E101,S,E,0,0,1,0,0,0,0,1,0,0,0,1,Adult (19-59)
719,0,3,1,36.99000436038915,0,0,,36568,15.5,,Q,F,0,1,0,0,0,0,0,0,1,0,0,1,Adult (19-59)
720,0,3,1,33.0,0,0,,347062,7.775,,S,F,0,0,1,0,0,0,0,0,1,0,0,1,Adult (19-59)
721,1,2,0,6.0,0,1,,248727,33.0,,S,F,0,0,1,0,0,0,0,0,1,0,0,2,Child (0-12)
722,0,3,1,17.0,1,0,,350048,7.0542,,S,F,0,0,1,0,0,0,0,0,1,0,0,2,Teen (13-18)
723,0,2,1,34.0,0,0,,12233,13.0,,S,F,0,0,1,0,0,0,0,0,1,0,0,1,Adult (19-59)
724,0,2,1,50.0,0,0,,250643,13.0,,S,F,0,0,1,0,0,0,0,0,1,0,0,1,Adult (19-59)
725,1,1,1,27.0,1,0,,113806,53.1,E8,S,E,0,0,1,0,0,0,0,1,0,0,0,2,Adult (19-59)
726,0,3,1,20.0,0,0,,315094,8.6625,,S,F,0,0,1,0,0,0,0,0,1,0,0,1,Adult (19-59)
727,1,2,0,30.0,3,0,,31027,21.0,,S,F,0,0,1,0,0,0,0,0,1,0,0,4,Adult (19-59)
728,1,3,0,19.40164201424079,0,0,,36866,7.7375,,Q,F,0,1,0,0,0,0,0,0,1,0,0,1,Adult (19-59)
729,0,2,1,25.0,1,0,,236853,26.0,,S,F,0,0,1,0,0,0,0,0,1,0,0,2,Adult (19-59)
730,0,3,0,25.0,1,0,STON/O2.,31,7.925,,S,F,0,0,1,0,0,0,0,0,1,0,0,2,Adult (19-59)
731,1,1,0,29.0,0,0,,24160,211.3375,B5,S,B,0,0,1,0,1,0,0,0,0,0,0,1,Adult (19-59)
732,0,3,1,11.0,0,0,,2699,18.7875,,C,F,1,0,0,0,0,0,0,0,1,0,0,1,Child (0-12)
733,0,2,1,46.702563117764235,0,0,,239855,0.0,,S,F,0,0,1,0,0,0,0,0,1,0,0,1,Adult (19-59)
734,0,2,1,23.0,0,0,,28425,13.0,,S,F,0,0,1,0,0,0,0,0,1,0,0,1,Adult (19-59)
735,0,2,1,23.0,0,0,,233639,13.0,,S,F,0,0,1,0,0,0,0,0,1,0,0,1,Adult (19-59)
736,0,3,1,28.5,0,0,,54636,16.1,,S,F,0,0,1,0,0,0,0,0,1,0,0,1,Adult (19-59)
737,0,3,0,48.0,1,3,W./C.,6608,34.375,,S,F,0,0,1,0,0,0,0,0,1,0,0,5,Adult (19-59)
738,1,1,1,35.0,0,0,PC,17755,512.3292,B101,C,B,1,0,0,0,1,0,0,0,0,0,0,1,Adult (19-59)
739,0,3,1,24.28756790409948,0,0,,349201,7.8958,,S,F,0,0,1,0,0,0,0,0,1,0,0,1,Adult (19-59)
740,0,3,1,-0.9474119786851105,0,0,,349218,7.8958,,S,F,0,0,1,0,0,0,0,0,1,0,0,1,
741,1,1,1,27.892491864389946,0,0,,16988,30.0,D45,S,D,0,0,1,0,0,0,1,0,0,0,0,1,Adult (19-59)
742,0,1,1,36.0,1,0,,19877,78.85,C46,S,C,0,0,1,0,0,1,0,0,0,0,0,2,Adult (19-59)
743,1,1,0,21.0,2,2,PC,17608,262.375,B57 B59 B63 B66,C,B,1,0,0,0,1,0,0,0,0,0,0,5,Adult (19-59)
744,0,3,1,24.0,1,0,,376566,16.1,,S,F,0,0,1,0,0,0,0,0,1,0,0,2,Adult (19-59)
745,1,3,1,31.0,0,0,STON/O,2,31.0,,S,F,0,0,1,0,0,0,0,0,1,0,0,1,Adult (19-59)
746,0,1,1,70.0,1,1,WE/P,5735,71.0,B22,S,B,0,0,1,0,1,0,0,0,0,0,0,3,Senior (60+)
747,0,3,1,16.0,1,1,C.A.,2673,20.25,,S,F,0,0,1,0,0,0,0,0,1,0,0,3,Teen (13-18)
748,1,2,0,30.0,0,0,,250648,13.0,,S,F,0,0,1,0,0,0,0,0,1,0,0,1,Adult (19-59)
749,0,1,1,19.0,1,0,,113773,53.1,D30,S,D,0,0,1,0,0,0,1,0,0,0,0,2,Adult (19-59)
750,0,3,1,31.0,0,0,,335097,7.75,,Q,F,0,1,0,0,0,0,0,0,1,0,0,1,Adult (19-59)
751,1,2,0,4.0,1,1,,29103,23.0,,S,F,0,0,1,0,0,0,0,0,1,0,0,3,Child (0-12)
752,1,3,1,6.0,0,1,,392096,12.475,E121,S,E,0,0,1,0,0,0,0,1,0,0,0,2,Child (0-12)
753,0,3,1,33.0,0,0,,345780,9.5,,S,F,0,0,1,0,0,0,0,0,1,0,0,1,Adult (19-59)
754,0,3,1,23.0,0,0,,349204,7.8958,,S,F,0,0,1,0,0,0,0,0,1,0,0,1,Adult (19-59)
755,1,2,0,48.0,1,2,,220845,65.0,,S,F,0,0,1,0,0,0,0,0,1,0,0,4,Adult (19-59)
756,1,2,1,0.67,1,1,,250649,14.5,,S,F,0,0,1,0,0,0,0,0,1,0,0,3,Child (0-12)
757,0,3,1,28.0,0,0,,350042,7.7958,,S,F,0,0,1,0,0,0,0,0,1,0,0,1,Adult (19-59)
758,0,2,1,18.0,0,0,,29108,11.5,,S,F,0,0,1,0,0,0,0,0,1,0,0,1,Teen (13-18)
759,0,3,1,34.0,0,0,,363294,8.05,,S,F,0,0,1,0,0,0,0,0,1,0,0,1,Adult (19-59)
760,1,1,0,33.0,0,0,,110152,86.5,B77,S,B,0,0,1,0,1,0,0,0,0,0,0,1,Adult (19-59)
761,0,3,1,27.821472032043566,0,0,,358585,14.5,,S,F,0,0,1,0,0,0,0,0,1,0,0,1,Adult (19-59)
762,0,3,1,41.0,0,0,SOTON/O2,31,7.125,,S,F,0,0,1,0,0,0,0,0,1,0,0,1,Adult (19-59)
763,1,3,1,20.0,0,0,,2663,7.2292,,C,F,1,0,0,0,0,0,0,0,1,0,0,1,Adult (19-59)
764,1,1,0,36.0,1,2,,113760,120.0,B96 B98,S,B,0,0,1,0,1,0,0,0,0,0,0,4,Adult (19-59)
765,0,3,1,16.0,0,0,,347074,7.775,,S,F,0,0,1,0,0,0,0,0,1,0,0,1,Teen (13-18)
766,1,1,0,51.0,1,0,,13502,77.9583,D11,S,D,0,0,1,0,0,0,1,0,0,0,0,2,Adult (19-59)
767,0,1,1,23.83777632917068,0,0,,112379,39.6,,C,C,1,0,0,0,0,1,0,0,0,0,0,1,Adult (19-59)
768,0,3,0,30.5,0,0,,364850,7.75,,Q,F,0,1,0,0,0,0,0,0,1,0,0,1,Adult (19-59)
769,0,3,1,37.86366535346274,1,0,,371110,24.15,,Q,F,0,1,0,0,0,0,0,0,1,0,0,2,Adult (19-59)
770,0,3,1,32.0,0,0,,8471,8.3625,,S,F,0,0,1,0,0,0,0,0,1,0,0,1,Adult (19-59)
771,0,3,1,24.0,0,0,,345781,9.5,,S,F,0,0,1,0,0,0,0,0,1,0,0,1,Adult (19-59)
772,0,3,1,48.0,0,0,,350047,7.8542,,S,F,0,0,1,0,0,0,0,0,1,0,0,1,Adult (19-59)
773,0,2,0,57.0,0,0,S.O./P.P.,3,10.5,E77,S,E,0,0,1,0,0,0,0,1,0,0,0,1,Adult (19-59)
774,0,3,1,39.57602721374945,0,0,,2674,7.225,,C,F,1,0,0,0,0,0,0,0,1,0,0,1,Adult (19-59)
775,1,2,0,54.0,1,3,,29105,23.0,,S,F,0,0,1,0,0,0,0,0,1,0,0,5,Adult (19-59)
776,0,3,1,18.0,0,0,,347078,7.75,,S,F,0,0,1,0,0,0,0,0,1,0,0,1,Teen (13-18)
777,0,3,1,27.238186683757124,0,0,,383121,7.75,F38,Q,F,0,1,0,0,0,0,0,0,1,0,0,1,Adult (19-59)
778,1,3,0,5.0,0,0,,364516,12.475,,S,F,0,0,1,0,0,0,0,0,1,0,0,1,Child (0-12)
779,0,3,1,40.00726258566216,0,0,,36865,7.7375,,Q,F,0,1,0,0,0,0,0,0,1,0,0,1,Adult (19-59)
780,1,1,0,43.0,0,1,,24160,211.3375,B3,S,B,0,0,1,0,1,0,0,0,0,0,0,2,Adult (19-59)
781,1,3,0,13.0,0,0,,2687,7.2292,,C,F,1,0,0,0,0,0,0,0,1,0,0,1,Teen (13-18)
782,1,1,0,17.0,1,0,,17474,57.0,B20,S,B,0,0,1,0,1,0,0,0,0,0,0,2,Teen (13-18)
783,0,1,1,29.0,0,0,,113501,30.0,D6,S,D,0,0,1,0,0,0,1,0,0,0,0,1,Adult (19-59)
784,0,3,1,24.408979055336058,1,2,W./C.,6607,23.45,,S,F,0,0,1,0,0,0,0,0,1,0,0,4,Adult (19-59)
785,0,3,1,25.0,0,0,SOTON/O.Q.,31,7.05,,S,F,0,0,1,0,0,0,0,0,1,0,0,1,Adult (19-59)
786,0,3,1,25.0,0,0,,374887,7.25,,S,F,0,0,1,0,0,0,0,0,1,0,0,1,Adult (19-59)
787,1,3,0,18.0,0,0,,3101265,7.4958,,S,F,0,0,1,0,0,0,0,0,1,0,0,1,Teen (13-18)
788,0,3,1,8.0,4,1,,382652,29.125,,Q,F,0,1,0,0,0,0,0,0,1,0,0,6,Child (0-12)
789,1,3,1,1.0,1,2,C.A.,2315,20.575,,S,F,0,0,1,0,0,0,0,0,1,0,0,4,Child (0-12)
790,0,1,1,46.0,0,0,PC,17593,79.2,B82 B84,C,B,1,0,0,0,1,0,0,0,0,0,0,1,Adult (19-59)
791,0,3,1,27.301942634304563,0,0,,12460,7.75,,Q,F,0,1,0,0,0,0,0,0,1,0,0,1,Adult (19-59)
792,0,2,1,16.0,0,0,,239865,26.0,,S,F,0,0,1,0,0,0,0,0,1,0,0,1,Teen (13-18)
793,0,3,0,-37.92806975820314,8,2,CA.,2343,69.55,,S,F,0,0,1,0,0,0,0,0,1,0,0,11,
794,0,1,1,37.756511215538744,0,0,PC,17600,30.6958,,C,C,1,0,0,0,0,1,0,0,0,0,0,1,Adult (19-59)
795,0,3,1,25.0,0,0,,349203,7.8958,,S,F,0,0,1,0,0,0,0,0,1,0,0,1,Adult (19-59)
796,0,2,1,39.0,0,0,,28213,13.0,,S,F,0,0,1,0,0,0,0,0,1,0,0,1,Adult (19-59)
797,1,1,0,49.0,0,0,,17465,25.9292,D17,S,D,0,0,1,0,0,0,1,0,0,0,0,1,Adult (19-59)
798,1,3,0,31.0,0,0,,349244,8.6833,,S,F,0,0,1,0,0,0,0,0,1,0,0,1,Adult (19-59)
799,0,3,1,30.0,0,0,,2685,7.2292,,C,F,1,0,0,0,0,0,0,0,1,0,0,1,Adult (19-59)
800,0,3,0,30.0,1,1,,345773,24.15,,S,F,0,0,1,0,0,0,0,0,1,0,0,3,Adult (19-59)
801,0,2,1,34.0,0,0,,250647,13.0,,S,F,0,0,1,0,0,0,0,0,1,0,0,1,Adult (19-59)
802,1,2,0,31.0,1,1,C.A.,31921,26.25,,S,F,0,0,1,0,0,0,0,0,1,0,0,3,Adult (19-59)
803,1,1,1,11.0,1,2,,113760,120.0,B96 B98,S,B,0,0,1,0,1,0,0,0,0,0,0,4,Child (0-12)
804,1,3,1,0.42,0,1,,2625,8.5167,,C,F,1,0,0,0,0,0,0,0,1,0,0,2,Child (0-12)
805,1,3,1,27.0,0,0,,347089,6.975,,S,F,0,0,1,0,0,0,0,0,1,0,0,1,Adult (19-59)
806,0,3,1,31.0,0,0,,347063,7.775,,S,F,0,0,1,0,0,0,0,0,1,0,0,1,Adult (19-59)
807,0,1,1,39.0,0,0,,112050,0.0,A36,S,A,0,0,1,1,0,0,0,0,0,0,0,1,Adult (19-59)
808,0,3,0,18.0,0,0,,347087,7.775,,S,F,0,0,1,0,0,0,0,0,1,0,0,1,Teen (13-18)
809,0,2,1,39.0,0,0,,248723,13.0,,S,F,0,0,1,0,0,0,0,0,1,0,0,1,Adult (19-59)
810,1,1,0,33.0,1,0,,113806,53.1,E8,S,E,0,0,1,0,0,0,0,1,0,0,0,2,Adult (19-59)
811,0,3,1,26.0,0,0,,3474,7.8875,,S,F,0,0,1,0,0,0,0,0,1,0,0,1,Adult (19-59)
812,0,3,1,39.0,0,0,A/4,48871,24.15,,S,F,0,0,1,0,0,0,0,0,1,0,0,1,Adult (19-59)
813,0,2,1,35.0,0,0,,28206,10.5,,S,F,0,0,1,0,0,0,0,0,1,0,0,1,Adult (19-59)
814,0,3,0,6.0,4,2,,347082,31.275,,S,F,0,0,1,0,0,0,0,0,1,0,0,7,Child (0-12)
815,0,3,1,30.5,0,0,,364499,8.05,,S,F,0,0,1,0,0,0,0,0,1,0,0,1,Adult (19-59)
816,0,1,1,28.151256844189927,0,0,,112058,0.0,B102,S,B,0,0,1,0,1,0,0,0,0,0,0,1,Adult (19-59)
817,0,3,0,23.0,0,0,STON/O2.,31,7.925,,S,F,0,0,1,0,0,0,0,0,1,0,0,1,Adult (19-59)
818,0,2,1,31.0,1,1,S.C./PARIS,2079,37.0042,,C,F,1,0,0,0,0,0,0,0,1,0,0,3,Adult (19-59)
819,0,3,1,43.0,0,0,C,7075,6.45,,S,F,0,0,1,0,0,0,0,0,1,0,0,1,Adult (19-59)
820,0,3,1,10.0,3,2,,347088,27.9,,S,F,0,0,1,0,0,0,0,0,1,0,0,6,Child (0-12)
821,1,1,0,52.0,1,1,,12749,93.5,B69,S,B,0,0,1,0,1,0,0,0,0,0,0,3,Adult (19-59)
822,1,3,1,27.0,0,0,,315098,8.6625,,S,F,0,0,1,0,0,0,0,0,1,0,0,1,Adult (19-59)
823,0,1,1,38.0,0,0,,19972,0.0,,S,C,0,0,1,0,0,1,0,0,0,0,0,1,Adult (19-59)
824,1,3,0,27.0,0,1,,392096,12.475,E121,S,E,0,0,1,0,0,0,0,1,0,0,0,2,Adult (19-59)
825,0,3,1,2.0,4,1,,3101295,39.6875,,S,F,0,0,1,0,0,0,0,0,1,0,0,6,Child (0-12)
826,0,3,1,53.37783198962694,0,0,,368323,6.95,,Q,F,0,1,0,0,0,0,0,0,1,0,0,1,Adult (19-59)
827,0,3,1,7.660200577821204,0,0,,1601,56.4958,,S,F,0,0,1,0,0,0,0,0,1,0,0,1,Child (0-12)
828,1,2,1,1.0,0,2,S.C./PARIS,2079,37.0042,,C,F,1,0,0,0,0,0,0,0,1,0,0,3,Child (0-12)
829,1,3,1,27.129973278914257,0,0,,367228,7.75,,Q,F,0,1,0,0,0,0,0,0,1,0,0,1,Adult (19-59)
830,1,1,0,62.0,0,0,,113572,80.0,B28,S,B,0,0,1,0,1,0,0,0,0,0,0,1,Senior (60+)
831,1,3,0,15.0,1,0,,2659,14.4542,,C,F,1,0,0,0,0,0,0,0,1,0,0,2,Teen (13-18)
832,1,2,1,0.83,1,1,,29106,18.75,,S,F,0,0,1,0,0,0,0,0,1,0,0,3,Child (0-12)
833,0,3,1,23.527304715697223,0,0,,2671,7.2292,,C,F,1,0,0,0,0,0,0,0,1,0,0,1,Adult (19-59)
834,0,3,1,23.0,0,0,,347468,7.8542,,S,F,0,0,1,0,0,0,0,0,1,0,0,1,Adult (19-59)
835,0,3,1,18.0,0,0,,2223,8.3,,S,F,0,0,1,0,0,0,0,0,1,0,0,1,Teen (13-18)
836,1,1,0,39.0,1,1,PC,17756,83.1583,E49,C,E,1,0,0,0,0,0,0,1,0,0,0,3,Adult (19-59)
837,0,3,1,21.0,0,0,,315097,8.6625,,S,F,0,0,1,0,0,0,0,0,1,0,0,1,Adult (19-59)
838,0,3,1,40.92159961606169,0,0,,392092,8.05,,S,F,0,0,1,0,0,0,0,0,1,0,0,1,Adult (19-59)
839,1,3,1,32.0,0,0,,1601,56.4958,,S,F,0,0,1,0,0,0,0,0,1,0,0,1,Adult (19-59)
840,1,1,1,40.27041772384847,0,0,,11774,29.7,C47,C,C,1,0,0,0,0,1,0,0,0,0,0,1,Adult (19-59)
841,0,3,1,20.0,0,0,SOTON/O2,31,7.925,,S,F,0,0,1,0,0,0,0,0,1,0,0,1,Adult (19-59)
842,0,2,1,16.0,0,0,S.O./P.P.,3,10.5,,S,F,0,0,1,0,0,0,0,0,1,0,0,1,Teen (13-18)
843,1,1,0,30.0,0,0,,113798,31.0,,C,C,1,0,0,0,0,1,0,0,0,0,0,1,Adult (19-59)
844,0,3,1,34.5,0,0,,2683,6.4375,,C,F,1,0,0,0,0,0,0,0,1,0,0,1,Adult (19-59)
845,0,3,1,17.0,0,0,,315090,8.6625,,S,F,0,0,1,0,0,0,0,0,1,0,0,1,Teen (13-18)
846,0,3,1,42.0,0,0,C.A.,5547,7.55,,S,F,0,0,1,0,0,0,0,0,1,0,0,1,Adult (19-59)
847,0,3,1,-23.737917850768856,8,2,CA.,2343,69.55,,S,F,0,0,1,0,0,0,0,0,1,0,0,11,
848,0,3,1,35.0,0,0,,349213,7.8958,,C,F,1,0,0,0,0,0,0,0,1,0,0,1,Adult (19-59)
849,0,2,1,28.0,0,1,,248727,33.0,,S,F,0,0,1,0,0,0,0,0,1,0,0,2,Adult (19-59)
850,1,1,0,36.21213085638324,1,0,,17453,89.1042,C92,C,C,1,0,0,0,0,1,0,0,0,0,0,2,Adult (19-59)
851,0,3,1,4.0,4,2,,347082,31.275,,S,F,0,0,1,0,0,0,0,0,1,0,0,7,Child (0-12)
852,0,3,1,74.0,0,0,,347060,7.775,,S,F,0,0,1,0,0,0,0,0,1,0,0,1,Senior (60+)
853,0,3,0,9.0,1,1,,2678,15.2458,,C,F,1,0,0,0,0,0,0,0,1,0,0,3,Child (0-12)
854,1,1,0,16.0,0,1,PC,17592,39.4,D28,S,D,0,0,1,0,0,0,1,0,0,0,0,2,Teen (13-18)
855,0,2,0,44.0,1,0,,244252,26.0,,S,F,0,0,1,0,0,0,0,0,1,0,0,2,Adult (19-59)
856,1,3,0,18.0,0,1,,392091,9.35,,S,F,0,0,1,0,0,0,0,0,1,0,0,2,Teen (13-18)
857,1,1,0,45.0,1,1,,36928,164.8667,,S,C,0,0,1,0,0,1,0,0,0,0,0,3,Adult (19-59)
858,1,1,1,51.0,0,0,,113055,26.55,E17,S,E,0,0,1,0,0,0,0,1,0,0,0,1,Adult (19-59)
859,1,3,0,24.0,0,3,,2666,19.2583,,C,F,1,0,0,0,0,0,0,0,1,0,0,4,Adult (19-59)
860,0,3,1,44.873946158487904,0,0,,2629,7.2292,,C,F,1,0,0,0,0,0,0,0,1,0,0,1,Adult (19-59)
861,0,3,1,41.0,2,0,,350026,14.1083,,S,F,0,0,1,0,0,0,0,0,1,0,0,3,Adult (19-59)
862,0,2,1,21.0,1,0,,28134,11.5,,S,F,0,0,1,0,0,0,0,0,1,0,0,2,Adult (19-59)
863,1,1,0,48.0,0,0,,17466,25.9292,D17,S,D,0,0,1,0,0,0,1,0,0,0,0,1,Adult (19-59)
864,0,3,0,-10.381779364579817,8,2,CA.,2343,69.55,,S,F,0,0,1,0,0,0,0,0,1,0,0,11,
865,0,2,1,24.0,0,0,,233866,13.0,,S,F,0,0,1,0,0,0,0,0,1,0,0,1,Adult (19-59)
866,1,2,0,42.0,0,0,,236852,13.0,,S,F,0,0,1,0,0,0,0,0,1,0,0,1,Adult (19-59)
867,1,2,0,27.0,1,0,SC/PARIS,2149,13.8583,,C,F,1,0,0,0,0,0,0,0,1,0,0,2,Adult (19-59)
868,0,1,1,31.0,0,0,PC,17590,50.4958,A24,S,A,0,0,1,1,0,0,0,0,0,0,0,1,Adult (19-59)
869,0,3,1,44.781914173253554,0,0,,345777,9.5,,S,F,0,0,1,0,0,0,0,0,1,0,0,1,Adult (19-59)
870,1,3,1,4.0,1,1,,347742,11.1333,,S,F,0,0,1,0,0,0,0,0,1,0,0,3,Child (0-12)
871,0,3,1,26.0,0,0,,349248,7.8958,,S,F,0,0,1,0,0,0,0,0,1,0,0,1,Adult (19-59)
872,1,1,0,47.0,1,1,,11751,52.5542,D35,S,D,0,0,1,0,0,0,1,0,0,0,0,3,Adult (19-59)
873,0,1,1,33.0,0,0,,695,5.0,B51 B53 B55,S,B,0,0,1,0,1,0,0,0,0,0,0,1,Adult (19-59)
874,0,3,1,47.0,0,0,,345765,9.0,,S,F,0,0,1,0,0,0,0,0,1,0,0,1,Adult (19-59)
875,1,2,0,28.0,1,0,P/PP,3381,24.0,,C,F,1,0,0,0,0,0,0,0,1,0,0,2,Adult (19-59)
876,1,3,0,15.0,0,0,,2667,7.225,,C,F,1,0,0,0,0,0,0,0,1,0,0,1,Teen (13-18)
877,0,3,1,20.0,0,0,,7534,9.8458,,S,F,0,0,1,0,0,0,0,0,1,0,0,1,Adult (19-59)
878,0,3,1,19.0,0,0,,349212,7.8958,,S,F,0,0,1,0,0,0,0,0,1,0,0,1,Adult (19-59)
879,0,3,1,44.63874310047426,0,0,,349217,7.8958,,S,F,0,0,1,0,0,0,0,0,1,0,0,1,Adult (19-59)
880,1,1,0,56.0,0,1,,11767,83.1583,C50,C,C,1,0,0,0,0,1,0,0,0,0,0,2,Adult (19-59)
881,1,2,0,25.0,0,1,,230433,26.0,,S,F,0,0,1,0,0,0,0,0,1,0,0,2,Adult (19-59)
882,0,3,1,33.0,0,0,,349257,7.8958,,S,F,0,0,1,0,0,0,0,0,1,0,0,1,Adult (19-59)
883,0,3,0,22.0,0,0,,7552,10.5167,,S,F,0,0,1,0,0,0,0,0,1,0,0,1,Adult (19-59)
884,0,2,1,28.0,0,0,C.A./SOTON,34068,10.5,,S,F,0,0,1,0,0,0,0,0,1,0,0,1,Adult (19-59)
885,0,3,1,25.0,0,0,SOTON/OQ,3,7.05,,S,F,0,0,1,0,0,0,0,0,1,0,0,1,Adult (19-59)
886,0,3,0,39.0,0,5,,382652,29.125,,Q,F,0,1,0,0,0,0,0,0,1,0,0,6,Adult (19-59)
887,0,2,1,27.0,0,0,,211536,13.0,,S,F,0,0,1,0,0,0,0,0,1,0,0,1,Adult (19-59)
888,1,1,0,19.0,0,0,,112053,30.0,B42,S,B,0,0,1,0,1,0,0,0,0,0,0,1,Adult (19-59)
889,0,3,0,20.696002873362406,1,2,W./C.,6607,23.45,,S,F,0,0,1,0,0,0,0,0,1,0,0,4,Adult (19-59)
890,1,1,1,26.0,0,0,,111369,30.0,C148,C,C,1,0,0,0,0,1,0,0,0,0,0,1,Adult (19-59)
891,0,3,1,32.0,0,0,,370376,7.75,,Q,F,0,1,0,0,0,0,0,0,1,0,0,1,Adult (19-59)
